fio,faculty,title,degree
Семенов Г.Н.,ФФ,,к.н.
Егоров А.А.,ФУПМ,,
Соколов Г.Н.,ФФ,доцент,д.н.
Волков З.Т.,ФИВТ,,д.н.
Кузнецов Л.О.,ФПМИ,ассистент,д.н.
Егоров Д.С.,ИТМО,доцент,д.н.
Лебедев Б.В.,ФМиМ,,д.н.
Лебедев А.А.,ИТМО,профессор,д.н.
Козлов Е.П.,ФМиМ,,к.н.
Козлов Г.Н.,ФУПМ,доцент,д.н.
Семенов Б.В.,ФИВТ,профессор,д.н.
Соколов А.А.,ФИТ,профессор,к.н.
Козлов Л.О.,ФЭТ,,к.н.
Соколов Б.В.,ФИТ,профессор,к.н.
Кузнецов Б.В.,ФУПМ,,д.н.
Новиков И.К.,ИТМО,ассистент,д.н.
Козлов Ж.Р.,ФМиЕН,,к.н.
Сидоров Д.С.,ФЭТ,ассистент,
Попов А.А.,ФЭТ,,
Козлов К.М.,ФИВТ,ассистент,
Волков Б.В.,ФМиМ,,д.н.
Попов Д.С.,ФЭТ,доцент,
Смирнов Д.С.,ФМиЕН,профессор,
Кузнецов Д.С.,ФМиЕН,доцент,д.н.
Семенов И.К.,ФФ,ассистент,к.н.
Соколов М.Ю.,ФМиЕН,ассистент,
Соколов Г.Н.,ИТМО,профессор,к.н.
Петров Б.В.,ФМиМ,,к.н.
Новиков И.К.,ФИТ,,к.н.
Иванов Г.Н.,ФЭТ,доцент,
Соколов З.Т.,ФФ,доцент,
Лебедев Г.Н.,ФУПМ,доцент,д.н.
Иванов Ж.Р.,ФМиЕН,,к.н.
Кузнецов Д.С.,ФРТ,профессор,к.н.
Лебедев З.Т.,ФПМИ,,к.н.
Волков Ж.Р.,ИТМО,профессор,к.н.
Семенов Б.В.,ФФ,ассистент,к.н.
Семенов И.К.,ФМиЕН,ассистент,к.н.
Сидоров М.Ю.,ФЭТ,профессор,к.н.
Егоров Л.О.,ФРТ,ассистент,д.н.
Лебедев З.Т.,ФПМИ,,к.н.
Смирнов В.И.,ФИТ,,к.н.
Соколов Б.В.,ФИТ,доцент,д.н.
Козлов Д.С.,ФУПМ,профессор,к.н.
Волков И.К.,ФИВТ,,
Сидоров Б.В.,ФИТ,ассистент,
Петров Ж.Р.,ФМиМ,доцент,д.н.
Егоров А.А.,ФИТ,ассистент,д.н.
Попов Л.О.,ФИВТ,,
Попов Г.Н.,ФПМИ,ассистент,к.н.
Алексеев Л.О.,ФИТ,профессор,
Иванов Ж.Р.,ФЭТ,ассистент,д.н.
Новиков М.Ю.,ФМиЕН,профессор,
Волков З.Т.,ФИТ,,
Морозов В.И.,ФПМИ,доцент,к.н.
Волков К.М.,ФФ,ассистент,к.н.
Сидоров В.И.,ИТМО,профессор,к.н.
Соколов Б.В.,ФИВТ,профессор,д.н.
Лебедева Б.В.,ФУПМ,доцент,
Лебедев Б.В.,ФИТ,профессор,
Лебедева В.И.,ФФ,доцент,
Сидоров В.И.,ФРТ,доцент,к.н.
Волков А.А.,ФМиЕН,доцент,
Семенов К.М.,ФМиМ,,д.н.
Иванов З.Т.,ФЭТ,,к.н.
Лебедев Л.О.,ИТМО,доцент,д.н.
Соколов И.К.,ФУПМ,ассистент,к.н.
Волков Б.В.,ФУПМ,доцент,д.н.
Алексеев З.Т.,ФМиЕН,,
Лебедева Г.Н.,ФУПМ,,д.н.
Семенов М.Ю.,ФЭТ,профессор,д.н.
Лебедев Г.Н.,ФФ,ассистент,к.н.
Попов И.К.,ФМиЕН,ассистент,д.н.
Козлов Б.В.,ФМиЕН,профессор,
Соколов Е.П.,ФРТ,доцент,к.н.
Морозов Б.В.,ФЭТ,ассистент,
Лебедева В.И.,ФМиЕН,профессор,к.н.
Кузнецов Ж.Р.,ФЭТ,ассистент,к.н.
Морозов Ж.Р.,ИТМО,профессор,
Морозов А.А.,ФУПМ,доцент,д.н.
Семенов К.М.,ФРТ,профессор,д.н.
Соколов Б.В.,ФРТ,ассистент,к.н.
Новиков М.Ю.,ФФ,доцент,д.н.
Лебедев К.М.,ФУПМ,,д.н.
Егоров В.И.,ФМиЕН,ассистент,
Волков Ж.Р.,ИТМО,доцент,д.н.
Попов М.Ю.,ФФ,доцент,к.н.
Попов З.Т.,ФМиМ,доцент,к.н.
Смирнов К.М.,ФРТ,доцент,
Смирнов Ж.Р.,ИТМО,профессор,д.н.
Смирнов К.М.,ФИВТ,профессор,д.н.
Егоров И.К.,ФМиМ,,д.н.
Попов Д.С.,ИТМО,доцент,
Морозов Б.В.,ФМиЕН,ассистент,д.н.
Смирнов М.Ю.,ФФ,профессор,
Семенов З.Т.,ФФ,профессор,
Алексеев Е.П.,ИТМО,профессор,
Алексеев З.Т.,ФИТ,ассистент,
Козлов Л.О.,ФУПМ,,д.н.
Лебедева З.Т.,ФЭТ,профессор,д.н.
Попов К.М.,ИТМО,,
Морозов Ж.Р.,ФУПМ,доцент,д.н.
Козлов Б.В.,ФИТ,ассистент,
Алексеев В.И.,ФФ,профессор,д.н.
Козлов Е.П.,ФМиМ,профессор,
Попов Л.О.,ФМиЕН,ассистент,к.н.
Лебедев В.И.,ФМиЕН,,к.н.
Сидоров В.И.,ФМиМ,профессор,д.н.
Егоров Ж.Р.,ФФ,профессор,к.н.
Сидоров Г.Н.,ФПМИ,,к.н.
Сидоров Л.О.,ФИТ,профессор,к.н.
Лебедев А.А.,ФПМИ,доцент,д.н.
Егоров Б.В.,ФЭТ,доцент,д.н.
Лебедев К.М.,ФЭТ,доцент,д.н.
Кузнецов З.Т.,ФМиМ,ассистент,
Новиков З.Т.,ФПМИ,профессор,д.н.
Сидоров М.Ю.,ФМиЕН,ассистент,к.н.
Козлов Д.С.,ФФ,доцент,к.н.
Смирнов К.М.,ФИВТ,профессор,д.н.
Волков М.Ю.,ФУПМ,профессор,
Петров Ж.Р.,ИТМО,доцент,к.н.
Лебедева В.И.,ФМиЕН,,к.н.
Кузнецов М.Ю.,ФУПМ,профессор,к.н.
Новиков Г.Н.,ФПМИ,доцент,д.н.
Лебедева В.И.,ФМиМ,профессор,
Морозов Д.С.,ФУПМ,профессор,д.н.
Попов К.М.,ФЭТ,доцент,д.н.
Смирнов Е.П.,ФИВТ,,д.н.
Попов И.К.,ФИТ,доцент,к.н.
Егоров Б.В.,ФИВТ,доцент,д.н.
Лебедев К.М.,ФМиЕН,ассистент,
Алексеев З.Т.,ФМиЕН,,д.н.
Иванов Ж.Р.,ФИТ,профессор,д.н.
Лебедева М.Ю.,ФИВТ,ассистент,д.н.
Кузнецов Б.В.,ФЭТ,профессор,к.н.
Морозов Л.О.,ФИВТ,доцент,
Иванов А.А.,ФИТ,доцент,к.н.
Егоров К.М.,ФРТ,профессор,д.н.
Егоров Е.П.,ИТМО,профессор,к.н.
Новиков В.И.,ФИВТ,,д.н.
Егоров К.М.,ФИТ,доцент,
Семенов Л.О.,ФИВТ,,к.н.
Алексеев З.Т.,ИТМО,,д.н.
Иванов Д.С.,ФРТ,ассистент,к.н.
Сидоров К.М.,ФИТ,профессор,
Лебедев Г.Н.,ФМиЕН,доцент,к.н.
Семенов К.М.,ФФ,,к.н.
Лебедева Д.С.,ИТМО,доцент,к.н.
Лебедев Е.П.,ФИВТ,доцент,д.н.
Новиков Е.П.,ФФ,,
Новиков Ж.Р.,ФРТ,ассистент,д.н.
Соколов Л.О.,ФУПМ,,
Лебедева Л.О.,ФМиМ,ассистент,
Волков З.Т.,ФРТ,ассистент,к.н.
Иванов И.К.,ФРТ,ассистент,
Алексеев Ж.Р.,ФПМИ,,
Морозов К.М.,ФУПМ,доцент,
Попов Г.Н.,ФЭТ,доцент,к.н.
Егоров Д.С.,ФЭТ,,к.н.
Соколов Б.В.,ФФ,,
Морозов Ж.Р.,ФУПМ,,д.н.
Иванов Л.О.,ФМиЕН,профессор,
Алексеев М.Ю.,ФИТ,,к.н.
Егоров З.Т.,ФПМИ,доцент,д.н.
Морозов М.Ю.,ФМиМ,профессор,
Сидоров З.Т.,ФУПМ,ассистент,
Морозов Д.С.,ФУПМ,доцент,д.н.
Новиков З.Т.,ФУПМ,доцент,к.н.
Иванов А.А.,ФМиЕН,,
Смирнов К.М.,ФИВТ,профессор,д.н.
Новиков А.А.,ФРТ,профессор,д.н.
Козлов З.Т.,ФРТ,доцент,к.н.
Семенов М.Ю.,ФФ,профессор,
Алексеев Ж.Р.,ФЭТ,,к.н.
Петров Л.О.,ФИВТ,профессор,д.н.
Иванов Ж.Р.,ФФ,ассистент,д.н.
Егоров И.К.,ФМиЕН,ассистент,
Алексеев Б.В.,ФИВТ,доцент,д.н.
Морозов Д.С.,ФМиЕН,ассистент,
Алексеев А.А.,ФЭТ,ассистент,д.н.
Кузнецов М.Ю.,ИТМО,профессор,к.н.
Сидоров Е.П.,ФФ,доцент,д.н.
Морозов В.И.,ФПМИ,ассистент,
Волков М.Ю.,ИТМО,,д.н.
Сидоров В.И.,ФПМИ,профессор,к.н.
Кузнецов Б.В.,ФРТ,ассистент,д.н.
Смирнов Л.О.,ФИВТ,,д.н.
Лебедева З.Т.,ФЭТ,,к.н.
Егоров Д.С.,ФРТ,,д.н.
Попов Л.О.,ФМиЕН,доцент,д.н.
Соколов Б.В.,ФМиМ,,к.н.
Новиков И.К.,ФУПМ,профессор,
Козлов В.И.,ФФ,ассистент,д.н.
Козлов А.А.,ФИВТ,,д.н.
Волков З.Т.,ФМиЕН,профессор,д.н.
Сидоров К.М.,ФМиМ,доцент,д.н.
Лебедева Ж.Р.,ФМиМ,,д.н.
Лебедева Л.О.,ФФ,профессор,д.н.
Алексеев М.Ю.,ФРТ,доцент,к.н.
Алексеев Д.С.,ФФ,доцент,
Смирнов А.А.,ИТМО,,д.н.
Кузнецов М.Ю.,ФИТ,ассистент,д.н.
Соколов К.М.,ФФ,профессор,к.н.
Морозов А.А.,ФМиМ,доцент,д.н.
Лебедев Л.О.,ФФ,доцент,д.н.
Алексеев В.И.,ФУПМ,доцент,к.н.
Семенов Ж.Р.,ФУПМ,ассистент,
Новиков Д.С.,ФМиМ,доцент,к.н.
Соколов Л.О.,ФПМИ,ассистент,к.н.
Алексеев Л.О.,ФМиМ,доцент,к.н.
Соколов Б.В.,ФФ,,д.н.
Петров И.К.,ФМиЕН,профессор,к.н.
Алексеев А.А.,ФМиЕН,профессор,
Морозов З.Т.,ФЭТ,доцент,
Лебедев Ж.Р.,ФЭТ,ассистент,к.н.
Иванов Е.П.,ФМиЕН,доцент,д.н.
Лебедев А.А.,ИТМО,доцент,к.н.
Алексеев В.И.,ИТМО,профессор,д.н.
Попов Г.Н.,ИТМО,доцент,д.н.
Семенов А.А.,ФИВТ,,д.н.
Морозов Л.О.,ФФ,профессор,к.н.
Попов Б.В.,ФПМИ,ассистент,к.н.
Попов Ж.Р.,ФПМИ,профессор,к.н.
Петров М.Ю.,ФФ,ассистент,
Петров Г.Н.,ФИВТ,профессор,к.н.
Волков А.А.,ФФ,,д.н.
Лебедева В.И.,ФИВТ,,
Семенов А.А.,ФФ,профессор,
Лебедева Г.Н.,ФПМИ,доцент,д.н.
Егоров Г.Н.,ФМиМ,ассистент,д.н.
Лебедев А.А.,ФИВТ,,к.н.
Иванов К.М.,ФУПМ,профессор,д.н.
Сидоров В.И.,ФЭТ,доцент,к.н.
Сидоров А.А.,ФИВТ,ассистент,д.н.
Морозов М.Ю.,ФРТ,профессор,
Новиков А.А.,ФПМИ,профессор,д.н.
Егоров Б.В.,ФФ,профессор,д.н.
Алексеев К.М.,ФЭТ,ассистент,к.н.
Кузнецов З.Т.,ФПМИ,,
Кузнецов А.А.,ИТМО,ассистент,к.н.
Попов М.Ю.,ФМиЕН,доцент,к.н.
Смирнов Б.В.,ФУПМ,профессор,
Попов Б.В.,ФИТ,доцент,д.н.
Петров Д.С.,ФПМИ,доцент,к.н.
Морозов З.Т.,ФИТ,доцент,к.н.
Попов Ж.Р.,ФИВТ,ассистент,к.н.
Семенов Л.О.,ФМиЕН,профессор,к.н.
Кузнецов В.И.,ФИТ,,д.н.
Алексеев Д.С.,ФРТ,доцент,д.н.
Смирнов Л.О.,ФИТ,,д.н.
Морозов М.Ю.,ФМиМ,профессор,к.н.
Кузнецов М.Ю.,ФИВТ,ассистент,к.н.
Петров З.Т.,ФЭТ,доцент,к.н.
Егоров Д.С.,ФМиМ,доцент,
Сидоров Л.О.,ИТМО,ассистент,
Петров Г.Н.,ФУПМ,доцент,
Лебедев Г.Н.,ФУПМ,,
Новиков К.М.,ФМиЕН,профессор,к.н.
Лебедев Г.Н.,ФМиМ,,д.н.
Морозов Г.Н.,ФМиЕН,ассистент,к.н.
Иванов Л.О.,ФРТ,,д.н.
Кузнецов В.И.,ФМиЕН,доцент,к.н.
Петров Е.П.,ФИВТ,профессор,к.н.
Егоров Д.С.,ИТМО,профессор,к.н.
Соколов З.Т.,ФИВТ,доцент,
Семенов В.И.,ФМиМ,,к.н.
Сидоров Г.Н.,ФЭТ,,к.н.
Семенов Б.В.,ФФ,ассистент,к.н.
Кузнецов А.А.,ФПМИ,,к.н.
Новиков А.А.,ИТМО,доцент,д.н.
Новиков Г.Н.,ФМиМ,,к.н.
Петров Е.П.,ФРТ,профессор,д.н.
Попов М.Ю.,ФИТ,профессор,
Петров Б.В.,ФИВТ,,к.н.
Семенов М.Ю.,ФФ,профессор,к.н.
Кузнецов А.А.,ФМиЕН,доцент,к.н.
Смирнов Е.П.,ФМиМ,,
Иванов И.К.,ФИТ,ассистент,
Семенов Л.О.,ИТМО,,
Иванов К.М.,ФМиЕН,профессор,д.н.
Егоров А.А.,ФФ,,к.н.
Петров Б.В.,ИТМО,доцент,к.н.
Лебедева Л.О.,ФРТ,,к.н.
Лебедева К.М.,ФМиЕН,ассистент,
Морозов В.И.,ФМиЕН,,
Попов Г.Н.,ИТМО,профессор,к.н.
Соколов Ж.Р.,ФФ,профессор,д.н.
Новиков Г.Н.,ФИВТ,ассистент,д.н.
Волков К.М.,ИТМО,доцент,к.н.
Смирнов Ж.Р.,ФФ,доцент,
Лебедева Г.Н.,ФЭТ,,
Волков Е.П.,ФИТ,,
Сидоров Л.О.,ИТМО,,к.н.
Лебедева Ж.Р.,ФФ,доцент,д.н.
Новиков Л.О.,ФПМИ,,к.н.
Смирнов Е.П.,ФИВТ,ассистент,
Козлов З.Т.,ИТМО,ассистент,
Лебедев Д.С.,ФЭТ,профессор,к.н.
Козлов Б.В.,ФУПМ,,
Сидоров Ж.Р.,ФИВТ,доцент,
Лебедева И.К.,ФИВТ,,к.н.
Егоров К.М.,ФИВТ,,д.н.
Морозов Б.В.,ФЭТ,доцент,к.н.
Семенов Г.Н.,ФЭТ,,к.н.
Морозов З.Т.,ФПМИ,ассистент,д.н.
Морозов Е.П.,ФЭТ,доцент,д.н.
Волков М.Ю.,ФПМИ,,
Смирнов З.Т.,ФМиЕН,ассистент,к.н.
Иванов К.М.,ФМиМ,ассистент,д.н.
Алексеев Ж.Р.,ФЭТ,доцент,к.н.
Козлов Л.О.,ФЭТ,профессор,к.н.
Соколов З.Т.,ФЭТ,,к.н.
Соколов Л.О.,ФЭТ,,к.н.
Иванов К.М.,ФПМИ,профессор,к.н.
Попов Д.С.,ФМиМ,,д.н.
Семенов А.А.,ФМиЕН,ассистент,к.н.
Лебедева Ж.Р.,ФУПМ,ассистент,
Лебедев А.А.,ФИВТ,профессор,
Семенов И.К.,ФУПМ,,к.н.
Попов В.И.,ФЭТ,доцент,к.н.
Лебедев М.Ю.,ФЭТ,профессор,
Козлов В.И.,ФМиМ,доцент,к.н.
Кузнецов В.И.,ФРТ,доцент,д.н.
Волков Б.В.,ФМиЕН,профессор,д.н.
Лебедева Д.С.,ФМиЕН,профессор,к.н.
Морозов Ж.Р.,ФМиЕН,доцент,д.н.
Егоров Е.П.,ФМиЕН,,к.н.
Кузнецов Л.О.,ФМиМ,ассистент,к.н.
Иванов Д.С.,ФФ,доцент,д.н.
Лебедев Е.П.,ФРТ,,к.н.
Сидоров Л.О.,ФИТ,,д.н.
Сидоров Е.П.,ФИТ,,к.н.
Иванов Л.О.,ФФ,профессор,д.н.
Лебедева Л.О.,ФРТ,ассистент,д.н.
Алексеев К.М.,ФМиЕН,профессор,
Лебедева К.М.,ФМиМ,ассистент,
Лебедева З.Т.,ФРТ,профессор,
Кузнецов А.А.,ФРТ,доцент,д.н.
Кузнецов Д.С.,ФФ,доцент,д.н.
Петров А.А.,ФУПМ,ассистент,д.н.
Сидоров Л.О.,ФМиЕН,,д.н.
Лебедева В.И.,ФЭТ,профессор,к.н.
Волков Б.В.,ИТМО,профессор,к.н.
Иванов А.А.,ФЭТ,доцент,д.н.
Семенов И.К.,ФПМИ,ассистент,д.н.
Соколов Б.В.,ФПМИ,доцент,
Морозов Ж.Р.,ФФ,,д.н.
Петров Л.О.,ФУПМ,доцент,
Иванов Г.Н.,ИТМО,,
Иванов Г.Н.,ФИТ,,д.н.
Лебедев З.Т.,ФЭТ,,
Иванов Г.Н.,ФИВТ,,
Лебедева Е.П.,ФИТ,профессор,д.н.
Сидоров Е.П.,ФИТ,ассистент,д.н.
Алексеев М.Ю.,ФИВТ,доцент,д.н.
Егоров Л.О.,ФМиЕН,ассистент,к.н.
Лебедева В.И.,ФМиЕН,,к.н.
Волков Д.С.,ФИТ,ассистент,к.н.
Кузнецов К.М.,ФПМИ,,
Егоров Ж.Р.,ФУПМ,доцент,д.н.
Лебедева Л.О.,ФИВТ,,
Семенов И.К.,ФЭТ,ассистент,д.н.
Волков Г.Н.,ФФ,доцент,
Смирнов В.И.,ФФ,профессор,к.н.
Смирнов Б.В.,ФИТ,,
Лебедев И.К.,ФЭТ,доцент,к.н.
Сидоров А.А.,ФЭТ,доцент,к.н.
Лебедева М.Ю.,ФИТ,профессор,
Морозов М.Ю.,ИТМО,доцент,к.н.
Попов И.К.,ФПМИ,ассистент,
Попов Б.В.,ФМиМ,доцент,к.н.
Иванов Б.В.,ФИВТ,профессор,к.н.
Смирнов Д.С.,ФИВТ,ассистент,
Кузнецов З.Т.,ФМиМ,доцент,
Соколов Г.Н.,ФМиМ,ассистент,
Алексеев А.А.,ФЭТ,,
Козлов Е.П.,ФМиМ,ассистент,д.н.
Сидоров И.К.,ИТМО,доцент,д.н.
Лебедева К.М.,ФМиЕН,доцент,к.н.
Козлов Е.П.,ФМиМ,ассистент,
Лебедев М.Ю.,ФРТ,ассистент,
Морозов Е.П.,ФМиМ,,
Козлов К.М.,ФЭТ,ассистент,к.н.
Лебедева В.И.,ФЭТ,доцент,к.н.
Лебедева Е.П.,ФМиЕН,,
Семенов Г.Н.,ФФ,профессор,к.н.
Волков З.Т.,ФЭТ,профессор,д.н.
Попов Г.Н.,ФЭТ,,к.н.
Алексеев Д.С.,ФРТ,доцент,к.н.
Соколов Ж.Р.,ФРТ,доцент,
Попов З.Т.,ФУПМ,доцент,д.н.
Лебедева В.И.,ИТМО,ассистент,к.н.
Новиков А.А.,ФРТ,ассистент,
Сидоров В.И.,ФИТ,ассистент,д.н.
Морозов А.А.,ИТМО,доцент,
Кузнецов З.Т.,ФМиЕН,ассистент,к.н.
Алексеев З.Т.,ФУПМ,доцент,
Семенов И.К.,ФФ,доцент,
Иванов И.К.,ФМиЕН,доцент,к.н.
Попов В.И.,ФМиМ,ассистент,
Морозов В.И.,ФФ,ассистент,к.н.
Морозов А.А.,ФЭТ,профессор,д.н.
Морозов Е.П.,ФФ,доцент,д.н.
Кузнецов В.И.,ФИВТ,доцент,д.н.
Новиков А.А.,ИТМО,,д.н.
Семенов М.Ю.,ФРТ,профессор,к.н.
Егоров К.М.,ФФ,ассистент,
Сидоров Б.В.,ФУПМ,профессор,
Сидоров К.М.,ФИТ,доцент,
Волков В.И.,ФЭТ,профессор,к.н.
Петров Г.Н.,ФРТ,ассистент,к.н.
Петров М.Ю.,ФЭТ,ассистент,
Соколов Д.С.,ФЭТ,,
Волков Г.Н.,ФРТ,профессор,к.н.
Новиков Б.В.,ФУПМ,,
Попов Л.О.,ФФ,профессор,д.н.
Козлов К.М.,ФМиЕН,профессор,д.н.
Семенов Д.С.,ИТМО,доцент,к.н.
Кузнецов А.А.,ФПМИ,профессор,д.н.
Козлов З.Т.,ФМиЕН,доцент,к.н.
Козлов В.И.,ФИТ,профессор,д.н.
Волков Г.Н.,ФИТ,ассистент,к.н.
Алексеев Л.О.,ФФ,доцент,д.н.
Семенов Ж.Р.,ФМиЕН,доцент,д.н.
Смирнов К.М.,ФПМИ,доцент,
Сидоров Д.С.,ИТМО,профессор,
Козлов М.Ю.,ФФ,,
Лебедев Ж.Р.,ФИТ,профессор,к.н.
Семенов В.И.,ФМиМ,профессор,к.н.
Кузнецов К.М.,ФИТ,,к.н.
Кузнецов И.К.,ИТМО,ассистент,
Попов А.А.,ФЭТ,ассистент,д.н.
Попов В.И.,ФРТ,доцент,
Козлов Л.О.,ФРТ,профессор,д.н.
Сидоров Е.П.,ФМиЕН,,к.н.
Иванов И.К.,ФИВТ,,
Иванов Л.О.,ФЭТ,профессор,
Иванов З.Т.,ФИВТ,доцент,
Попов Г.Н.,ФМиЕН,доцент,д.н.
Морозов З.Т.,ФУПМ,,
Алексеев К.М.,ФЭТ,профессор,
Новиков З.Т.,ИТМО,,д.н.
Петров Е.П.,ФРТ,ассистент,д.н.
Алексеев И.К.,ФМиЕН,доцент,к.н.
Козлов К.М.,ФУПМ,доцент,к.н.
Петров М.Ю.,ФМиМ,,к.н.
Сидоров Д.С.,ФИТ,профессор,д.н.
Волков К.М.,ФЭТ,доцент,д.н.
Иванов Ж.Р.,ФИВТ,доцент,д.н.
Сидоров М.Ю.,ФМиМ,доцент,к.н.
Кузнецов Б.В.,ФМиМ,ассистент,д.н.
Соколов А.А.,ФПМИ,профессор,
Алексеев И.К.,ФУПМ,профессор,
Волков Ж.Р.,ФРТ,,к.н.
Семенов И.К.,ФМиЕН,ассистент,д.н.
Волков М.Ю.,ИТМО,доцент,к.н.
Попов Г.Н.,ФФ,профессор,к.н.
Алексеев В.И.,ФЭТ,ассистент,
Попов Д.С.,ФУПМ,,
Семенов В.И.,ФИТ,профессор,д.н.
Лебедев Л.О.,ФФ,доцент,
Лебедева И.К.,ФМиМ,профессор,д.н.
Попов Б.В.,ФПМИ,ассистент,к.н.
Волков К.М.,ФИВТ,доцент,д.н.
Егоров Д.С.,ФМиМ,ассистент,к.н.
Новиков Ж.Р.,ФРТ,ассистент,
Попов Б.В.,ФУПМ,профессор,д.н.
Смирнов М.Ю.,ФЭТ,профессор,к.н.
Смирнов Ж.Р.,ФИВТ,профессор,к.н.
Новиков З.Т.,ФФ,доцент,к.н.
Алексеев Д.С.,ФМиЕН,,к.н.
Новиков З.Т.,ИТМО,ассистент,
Сидоров А.А.,ИТМО,профессор,д.н.
Алексеев К.М.,ФМиМ,профессор,д.н.
Новиков Д.С.,ФМиЕН,профессор,д.н.
Кузнецов А.А.,ИТМО,ассистент,
Волков К.М.,ФМиЕН,ассистент,д.н.
Егоров Л.О.,ФМиЕН,профессор,
Смирнов И.К.,ФМиЕН,доцент,д.н.
Смирнов З.Т.,ФУПМ,профессор,д.н.
Лебедев З.Т.,ФИТ,доцент,к.н.
Семенов Б.В.,ФМиМ,доцент,к.н.
Кузнецов Л.О.,ФИВТ,профессор,к.н.
Лебедев В.И.,ИТМО,доцент,к.н.
Морозов Л.О.,ФФ,ассистент,к.н.
Семенов Е.П.,ФМиМ,ассистент,
Лебедева Б.В.,ФМиМ,ассистент,к.н.
Петров М.Ю.,ФЭТ,ассистент,
Кузнецов А.А.,ФПМИ,ассистент,д.н.
Козлов М.Ю.,ФУПМ,ассистент,
Алексеев Д.С.,ФПМИ,профессор,
Лебедев Л.О.,ФМиЕН,профессор,
Иванов Б.В.,ФМиМ,ассистент,д.н.
Семенов К.М.,ФИТ,,
Семенов И.К.,ФЭТ,,к.н.
Петров В.И.,ФМиМ,доцент,
Егоров А.А.,ФИВТ,доцент,
Попов В.И.,ИТМО,доцент,
Петров В.И.,ФИТ,профессор,
Морозов Б.В.,ФИТ,доцент,к.н.
Волков А.А.,ФЭТ,доцент,д.н.
Козлов З.Т.,ФФ,ассистент,к.н.
Волков А.А.,ФУПМ,профессор,д.н.
Петров Л.О.,ФУПМ,доцент,к.н.
Петров Д.С.,ФМиЕН,доцент,к.н.
Лебедев Ж.Р.,ФИВТ,ассистент,к.н.
Морозов А.А.,ФМиМ,,
Семенов Г.Н.,ФФ,доцент,
Козлов Г.Н.,ФЭТ,доцент,к.н.
Соколов А.А.,ФИТ,,
Морозов Б.В.,ФФ,профессор,
Соколов З.Т.,ФФ,доцент,
Козлов М.Ю.,ИТМО,,
Смирнов Б.В.,ФМиЕН,профессор,
Лебедев А.А.,ФУПМ,ассистент,к.н.
Морозов З.Т.,ФЭТ,профессор,д.н.
Соколов Д.С.,ФПМИ,профессор,к.н.
Волков В.И.,ФУПМ,ассистент,д.н.
Петров А.А.,ФУПМ,доцент,д.н.
Сидоров Д.С.,ФМиЕН,доцент,
Смирнов М.Ю.,ФУПМ,ассистент,к.н.
Иванов З.Т.,ФИТ,ассистент,
Новиков З.Т.,ФРТ,доцент,
Иванов И.К.,ФРТ,доцент,к.н.
Кузнецов К.М.,ФМиМ,ассистент,к.н.
Попов Ж.Р.,ФИВТ,ассистент,
Егоров К.М.,ФМиЕН,профессор,д.н.
Смирнов Л.О.,ФФ,,
Алексеев К.М.,ФМиЕН,профессор,д.н.
Егоров К.М.,ФМиМ,ассистент,
Кузнецов Л.О.,ФИТ,профессор,к.н.
Иванов Г.Н.,ФЭТ,ассистент,к.н.
Смирнов Г.Н.,ФРТ,,к.н.
Егоров Е.П.,ФУПМ,доцент,
Петров К.М.,ФРТ,доцент,
Алексеев Ж.Р.,ИТМО,,
Лебедев И.К.,ФФ,,
Егоров Г.Н.,ФПМИ,,д.н.
Смирнов З.Т.,ИТМО,ассистент,
Морозов К.М.,ФИТ,доцент,к.н.
Егоров З.Т.,ФФ,профессор,
Лебедева Г.Н.,ФПМИ,ассистент,
Семенов А.А.,ФУПМ,ассистент,к.н.
Егоров И.К.,ИТМО,,
Егоров А.А.,ФФ,,д.н.
Волков Б.В.,ФФ,доцент,к.н.
Попов Б.В.,ФМиМ,ассистент,д.н.
Алексеев М.Ю.,ФМиМ,профессор,к.н.
Сидоров Е.П.,ФМиМ,профессор,
Лебедев Г.Н.,ФУПМ,,
Попов В.И.,ФИТ,,к.н.
Соколов В.И.,ФУПМ,,д.н.
Лебедева Б.В.,ИТМО,доцент,
Новиков Г.Н.,ФМиМ,доцент,д.н.
Семенов К.М.,ФИТ,,к.н.
Морозов Б.В.,ФЭТ,ассистент,д.н.
Иванов В.И.,ФМиЕН,,к.н.
Соколов И.К.,ФРТ,ассистент,д.н.
Волков Д.С.,ФФ,,д.н.
Соколов Д.С.,ФИВТ,профессор,к.н.
Егоров К.М.,ФУПМ,ассистент,к.н.
Иванов З.Т.,ФУПМ,ассистент,к.н.
Семенов И.К.,ФРТ,,к.н.
Козлов Е.П.,ФИВТ,доцент,д.н.
Смирнов Ж.Р.,ФРТ,,
Козлов А.А.,ФУПМ,профессор,д.н.
Соколов Е.П.,ФЭТ,ассистент,д.н.
Петров З.Т.,ФУПМ,ассистент,к.н.
Иванов Д.С.,ФМиЕН,доцент,к.н.
Новиков З.Т.,ФПМИ,,д.н.
Смирнов З.Т.,ИТМО,,
Иванов Е.П.,ФПМИ,,д.н.
Морозов З.Т.,ФИТ,доцент,д.н.
Алексеев А.А.,ФМиЕН,профессор,к.н.
Кузнецов Л.О.,ФЭТ,ассистент,д.н.
Соколов И.К.,ФИВТ,,
Иванов М.Ю.,ИТМО,,д.н.
Сидоров И.К.,ИТМО,,к.н.
Морозов К.М.,ФМиЕН,профессор,д.н.
Новиков Б.В.,ФЭТ,,
Соколов Л.О.,ИТМО,доцент,
Сидоров М.Ю.,ФФ,,
Попов В.И.,ИТМО,ассистент,
Алексеев Ж.Р.,ФФ,доцент,
Кузнецов Б.В.,ФЭТ,,к.н.
Лебедева Б.В.,ФМиМ,ассистент,
Семенов К.М.,ФЭТ,профессор,д.н.
Козлов В.И.,ФИВТ,профессор,к.н.
Козлов М.Ю.,ФПМИ,ассистент,к.н.
Петров М.Ю.,ФФ,профессор,
Лебедева З.Т.,ФУПМ,,д.н.
Морозов Л.О.,ФПМИ,доцент,к.н.
Волков Г.Н.,ФЭТ,доцент,к.н.
Соколов Д.С.,ФПМИ,профессор,
Петров А.А.,ФРТ,ассистент,к.н.
Лебедева И.К.,ФМиЕН,,к.н.
Семенов Л.О.,ФИТ,,к.н.
Иванов К.М.,ФУПМ,,
Семенов В.И.,ФИТ,профессор,к.н.
Новиков К.М.,ИТМО,ассистент,
Соколов Ж.Р.,ФМиМ,доцент,
Лебедев А.А.,ФМиЕН,доцент,д.н.
Сидоров И.К.,ФЭТ,профессор,
Лебедев А.А.,ФИВТ,профессор,д.н.
Морозов Д.С.,ФРТ,ассистент,к.н.
Семенов З.Т.,ФУПМ,,д.н.
Попов К.М.,ФФ,,к.н.
Волков Г.Н.,ИТМО,профессор,к.н.
Соколов Д.С.,ФУПМ,,д.н.
Кузнецов Б.В.,ФЭТ,профессор,к.н.
Волков З.Т.,ФИТ,доцент,
Лебедев А.А.,ФЭТ,,
Егоров И.К.,ФУПМ,профессор,д.н.
Смирнов Л.О.,ФИТ,ассистент,
Волков В.И.,ФРТ,,д.н.
Семенов Г.Н.,ФУПМ,,
Смирнов М.Ю.,ФМиМ,ассистент,к.н.
Петров Л.О.,ФФ,,к.н.
Сидоров К.М.,ФРТ,профессор,
Волков Ж.Р.,ФРТ,ассистент,д.н.
Козлов М.Ю.,ФРТ,ассистент,
Егоров И.К.,ФМиМ,ассистент,
Новиков К.М.,ФУПМ,доцент,
Лебедева В.И.,ФПМИ,,д.н.
Морозов Л.О.,ФЭТ,доцент,к.н.
Волков В.И.,ФИВТ,доцент,к.н.
Кузнецов Б.В.,ФИТ,,д.н.
Сидоров Ж.Р.,ФПМИ,ассистент,
Петров Л.О.,ФЭТ,ассистент,к.н.
Егоров К.М.,ФУПМ,профессор,
Лебедев К.М.,ФФ,,д.н.
Кузнецов З.Т.,ИТМО,профессор,д.н.
Лебедева Г.Н.,ФИТ,профессор,
Иванов Ж.Р.,ФИТ,,
Новиков Д.С.,ФУПМ,ассистент,д.н.
Новиков З.Т.,ФИТ,ассистент,д.н.
Морозов Е.П.,ФИТ,доцент,к.н.
Алексеев Г.Н.,ФИТ,,д.н.
Иванов З.Т.,ФФ,,
Кузнецов Л.О.,ФИТ,доцент,к.н.
Иванов А.А.,ИТМО,ассистент,д.н.
Попов В.И.,ФИВТ,профессор,к.н.
Волков М.Ю.,ФУПМ,доцент,
Иванов А.А.,ФИТ,профессор,
Алексеев М.Ю.,ФМиМ,ассистент,д.н.
Лебедев З.Т.,ФПМИ,ассистент,к.н.
Семенов М.Ю.,ФЭТ,профессор,д.н.
Лебедев Е.П.,ФРТ,,д.н.
Козлов К.М.,ФФ,,
Козлов Е.П.,ФФ,доцент,д.н.
Лебедев Е.П.,ФИТ,доцент,к.н.
Новиков К.М.,ФФ,,
Егоров М.Ю.,ФМиЕН,профессор,д.н.
Иванов Ж.Р.,ФРТ,профессор,д.н.
Алексеев М.Ю.,ИТМО,доцент,к.н.
Петров Е.П.,ФРТ,,
Иванов М.Ю.,ФПМИ,ассистент,к.н.
Петров Г.Н.,ФРТ,доцент,д.н.
Попов К.М.,ФПМИ,профессор,к.н.
Кузнецов Д.С.,ФЭТ,ассистент,к.н.
Егоров Г.Н.,ФФ,ассистент,д.н.
Кузнецов К.М.,ФМиЕН,профессор,
Козлов Б.В.,ФФ,доцент,к.н.
Алексеев Д.С.,ФМиМ,,д.н.
Сидоров Ж.Р.,ФЭТ,ассистент,д.н.
Петров И.К.,ФИТ,,
Лебедев В.И.,ИТМО,ассистент,к.н.
Соколов Ж.Р.,ФМиЕН,профессор,
Попов З.Т.,ФМиМ,профессор,к.н.
Лебедева З.Т.,ФРТ,профессор,к.н.
Новиков Б.В.,ФФ,,д.н.
Алексеев К.М.,ФЭТ,доцент,к.н.
Смирнов Д.С.,ФПМИ,ассистент,
Сидоров Д.С.,ФМиМ,доцент,д.н.
Семенов Е.П.,ФУПМ,профессор,к.н.
Козлов Л.О.,ИТМО,профессор,д.н.
Кузнецов А.А.,ИТМО,профессор,
Смирнов В.И.,ФМиЕН,доцент,к.н.
Кузнецов К.М.,ИТМО,ассистент,д.н.
Иванов Д.С.,ФПМИ,профессор,
Соколов Ж.Р.,ФРТ,доцент,
Лебедев Г.Н.,ФИВТ,ассистент,
Иванов Б.В.,ФУПМ,ассистент,
Волков Б.В.,ИТМО,,к.н.
Попов Е.П.,ФМиМ,доцент,к.н.
Лебедев М.Ю.,ФПМИ,профессор,
Новиков Д.С.,ФУПМ,ассистент,д.н.
Иванов Л.О.,ФИВТ,,д.н.
Морозов З.Т.,ФИТ,профессор,д.н.
Егоров Ж.Р.,ФФ,ассистент,
Кузнецов А.А.,ФИВТ,профессор,к.н.
Лебедев Д.С.,ФЭТ,профессор,к.н.
Лебедев Г.Н.,ФМиЕН,профессор,к.н.
Кузнецов Г.Н.,ФПМИ,доцент,
Морозов И.К.,ИТМО,доцент,
Алексеев Л.О.,ИТМО,профессор,д.н.
Волков И.К.,ФФ,профессор,д.н.
Алексеев В.И.,ИТМО,профессор,д.н.
Петров З.Т.,ФМиЕН,,д.н.
Алексеев И.К.,ФИТ,ассистент,
Сидоров В.И.,ФУПМ,ассистент,д.н.
Алексеев Л.О.,ИТМО,профессор,д.н.
Козлов Л.О.,ФФ,доцент,к.н.
Козлов М.Ю.,ФРТ,доцент,д.н.
Сидоров Л.О.,ФЭТ,ассистент,к.н.
Соколов К.М.,ИТМО,,д.н.
Лебедева Е.П.,ФУПМ,,к.н.
Иванов Д.С.,ФЭТ,ассистент,к.н.
Лебедева М.Ю.,ФПМИ,профессор,д.н.
Лебедева Д.С.,ФМиМ,ассистент,д.н.
Морозов З.Т.,ФРТ,,
Смирнов Ж.Р.,ФИТ,доцент,к.н.
Смирнов Е.П.,ФРТ,,д.н.
Попов Е.П.,ФПМИ,,к.н.
Попов Е.П.,ФУПМ,профессор,
Петров Д.С.,ФМиМ,доцент,к.н.
Морозов Л.О.,ФРТ,ассистент,
Соколов К.М.,ФЭТ,,к.н.
Иванов Д.С.,ФФ,ассистент,к.н.
Смирнов Л.О.,ФМиМ,,
Лебедева Л.О.,ФИВТ,ассистент,к.н.
Лебедев А.А.,ФИВТ,доцент,
Лебедев Г.Н.,ИТМО,,к.н.
Егоров И.К.,ФЭТ,профессор,д.н.
Соколов Л.О.,ФЭТ,ассистент,к.н.
Лебедев Б.В.,ФМиЕН,профессор,
Лебедева Л.О.,ФПМИ,ассистент,к.н.
Иванов К.М.,ФИВТ,доцент,к.н.
Волков Г.Н.,ФУПМ,,к.н.
Петров А.А.,ФПМИ,,д.н.
Лебедев М.Ю.,ФИТ,ассистент,
Морозов Г.Н.,ФИВТ,профессор,
Лебедев А.А.,ФПМИ,ассистент,к.н.
Егоров Д.С.,ФУПМ,профессор,д.н.
Волков В.И.,ФПМИ,ассистент,д.н.
Морозов Е.П.,ФУПМ,ассистент,д.н.
Кузнецов К.М.,ФМиМ,,
Козлов З.Т.,ФИТ,доцент,к.н.
Алексеев Б.В.,ИТМО,профессор,к.н.
Иванов Д.С.,ФФ,,к.н.
Семенов Л.О.,ФФ,ассистент,
Лебедева З.Т.,ФУПМ,профессор,к.н.
Алексеев М.Ю.,ФИВТ,профессор,д.н.
Егоров К.М.,ФРТ,ассистент,д.н.
Смирнов К.М.,ФУПМ,доцент,д.н.
Иванов Д.С.,ФИВТ,доцент,д.н.
Лебедева И.К.,ФРТ,ассистент,к.н.
Смирнов З.Т.,ФУПМ,доцент,д.н.
Попов Г.Н.,ФРТ,ассистент,к.н.
Егоров А.А.,ФМиЕН,ассистент,д.н.
Сидоров Д.С.,ФЭТ,,
Морозов И.К.,ФИТ,профессор,к.н.
Сидоров З.Т.,ФЭТ,доцент,д.н.
Попов Д.С.,ФУПМ,доцент,д.н.
Семенов В.И.,ФИВТ,,
Иванов Б.В.,ИТМО,ассистент,
Лебедев В.И.,ФИВТ,доцент,д.н.
Лебедев Б.В.,ИТМО,профессор,д.н.
Лебедева И.К.,ФИТ,доцент,
Лебедева Л.О.,ФМиЕН,доцент,
Сидоров Б.В.,ФПМИ,доцент,к.н.
Морозов Б.В.,ФПМИ,ассистент,
Петров К.М.,ФМиЕН,профессор,к.н.
Кузнецов Л.О.,ФРТ,доцент,
Новиков Е.П.,ФИТ,доцент,
Кузнецов Е.П.,ФРТ,ассистент,к.н.
Попов А.А.,ФИТ,ассистент,
Новиков Б.В.,ФИВТ,,д.н.
Сидоров Е.П.,ФПМИ,ассистент,к.н.
Смирнов М.Ю.,ФМиЕН,,к.н.
Смирнов К.М.,ФРТ,ассистент,
Петров К.М.,ИТМО,доцент,к.н.
Морозов Е.П.,ФИВТ,профессор,д.н.
Новиков А.А.,ФИВТ,ассистент,к.н.
Лебедев Д.С.,ФМиМ,,
Кузнецов И.К.,ФУПМ,,
Лебедева К.М.,ФУПМ,,д.н.
Морозов М.Ю.,ФУПМ,профессор,д.н.
Козлов Б.В.,ФПМИ,профессор,к.н.
Соколов И.К.,ФИТ,ассистент,к.н.
Попов Б.В.,ФМиМ,ассистент,к.н.
Волков Е.П.,ФУПМ,доцент,
Козлов К.М.,ИТМО,,к.н.
Новиков А.А.,ФЭТ,,д.н.
Петров К.М.,ФРТ,профессор,д.н.
Иванов Е.П.,ФПМИ,доцент,д.н.
Смирнов З.Т.,ИТМО,,
Алексеев Ж.Р.,ФИВТ,доцент,д.н.
Попов З.Т.,ФУПМ,доцент,к.н.
Сидоров М.Ю.,ФИВТ,,к.н.
Петров Е.П.,ФЭТ,профессор,д.н.
Смирнов В.И.,ФИТ,доцент,д.н.
Кузнецов Е.П.,ФФ,профессор,д.н.
Кузнецов Ж.Р.,ФПМИ,профессор,к.н.
Семенов И.К.,ФПМИ,профессор,д.н.
Кузнецов В.И.,ФИТ,профессор,
Егоров А.А.,ФИТ,ассистент,
Петров Г.Н.,ФМиМ,доцент,д.н.
Сидоров Л.О.,ФЭТ,профессор,к.н.
Волков Л.О.,ФФ,,д.н.
Попов Е.П.,ФМиМ,ассистент,к.н.
Семенов В.И.,ФМиМ,профессор,к.н.
Соколов Ж.Р.,ФИТ,ассистент,д.н.
Семенов Е.П.,ФМиМ,профессор,
Козлов И.К.,ФМиМ,,д.н.
Смирнов Л.О.,ФПМИ,,
Лебедев В.И.,ФРТ,ассистент,д.н.
Сидоров А.А.,ИТМО,профессор,
Смирнов В.И.,ФФ,профессор,д.н.
Волков К.М.,ФМиЕН,,д.н.
Иванов Б.В.,ФМиМ,доцент,
Сидоров Б.В.,ИТМО,ассистент,к.н.
Егоров Л.О.,ФРТ,доцент,к.н.
Семенов З.Т.,ФРТ,профессор,
Смирнов Л.О.,ФПМИ,,д.н.
Морозов Ж.Р.,ФПМИ,профессор,д.н.
Егоров М.Ю.,ИТМО,профессор,к.н.
Иванов А.А.,ФУПМ,ассистент,
Новиков Ж.Р.,ФМиЕН,доцент,
Семенов Б.В.,ФПМИ,доцент,
Сидоров А.А.,ФМиМ,ассистент,к.н.
Лебедев И.К.,ФИТ,,д.н.
Соколов К.М.,ФМиМ,профессор,
Егоров И.К.,ФМиМ,,д.н.
Лебедева Б.В.,ФЭТ,,к.н.
Иванов Д.С.,ФИТ,ассистент,
Лебедев Ж.Р.,ФМиЕН,,д.н.
Сидоров И.К.,ФИВТ,доцент,д.н.
Козлов А.А.,ФИТ,доцент,
Кузнецов Л.О.,ФПМИ,ассистент,д.н.
Лебедева З.Т.,ФРТ,доцент,
Новиков М.Ю.,ИТМО,,
Волков Г.Н.,ФПМИ,ассистент,
Новиков Г.Н.,ФИТ,ассистент,д.н.
Смирнов Д.С.,ФИВТ,,
Сидоров Е.П.,ФУПМ,профессор,к.н.
Лебедева Б.В.,ИТМО,ассистент,д.н.
Алексеев Е.П.,ФМиЕН,доцент,д.н.
Новиков И.К.,ФМиМ,ассистент,к.н.
Алексеев Д.С.,ФПМИ,ассистент,д.н.
Кузнецов Л.О.,ИТМО,ассистент,к.н.
Егоров Е.П.,ФИВТ,профессор,д.н.
Иванов Г.Н.,ФМиМ,профессор,
Смирнов З.Т.,ФИВТ,ассистент,
Лебедев З.Т.,ФИТ,доцент,
Волков Ж.Р.,ФЭТ,,
Семенов М.Ю.,ФУПМ,профессор,
Новиков Е.П.,ФЭТ,ассистент,д.н.
Петров И.К.,ФИТ,профессор,д.н.
Сидоров З.Т.,ФМиЕН,ассистент,
Попов З.Т.,ФРТ,ассистент,д.н.
Иванов Е.П.,ФМиЕН,,к.н.
Новиков К.М.,ФУПМ,профессор,к.н.
Кузнецов М.Ю.,ИТМО,доцент,к.н.
Соколов Л.О.,ФЭТ,ассистент,к.н.
Семенов К.М.,ФУПМ,профессор,д.н.
Морозов К.М.,ФИВТ,,д.н.
Смирнов В.И.,ФУПМ,ассистент,
Семенов Г.Н.,ФУПМ,,
Новиков А.А.,ФУПМ,профессор,д.н.
Сидоров К.М.,ФИВТ,,д.н.
Козлов А.А.,ФЭТ,,
Новиков Ж.Р.,ФРТ,ассистент,к.н.
Смирнов Л.О.,ФРТ,,д.н.
Козлов Г.Н.,ФМиЕН,ассистент,д.н.
Лебедева К.М.,ФУПМ,доцент,
Егоров Г.Н.,ФУПМ,,
Сидоров Д.С.,ФФ,доцент,к.н.
Новиков А.А.,ФИТ,доцент,д.н.
Смирнов Г.Н.,ФЭТ,доцент,
Егоров Б.В.,ФФ,ассистент,
Новиков Е.П.,ФУПМ,ассистент,к.н.
Лебедева М.Ю.,ФФ,доцент,к.н.
Кузнецов И.К.,ФФ,,
Алексеев В.И.,ФМиЕН,доцент,
Семенов А.А.,ФФ,ассистент,д.н.
Лебедева З.Т.,ФПМИ,ассистент,
Егоров И.К.,ФУПМ,доцент,
Соколов А.А.,ИТМО,профессор,к.н.
Семенов В.И.,ФПМИ,ассистент,д.н.
Лебедева М.Ю.,ФЭТ,,к.н.
Попов И.К.,ИТМО,,д.н.
Алексеев В.И.,ФУПМ,доцент,
Новиков Д.С.,ФИВТ,,д.н.
Соколов В.И.,ФУПМ,ассистент,к.н.
Морозов Д.С.,ФФ,,д.н.
Новиков М.Ю.,ФМиЕН,,к.н.
Егоров В.И.,ФМиЕН,ассистент,к.н.
Волков Е.П.,ИТМО,доцент,д.н.
Соколов В.И.,ФПМИ,,
Морозов Г.Н.,ФПМИ,ассистент,д.н.
Лебедев Б.В.,ФИТ,,д.н.
Лебедева Г.Н.,ФФ,доцент,
Козлов З.Т.,ФМиМ,,д.н.
Иванов А.А.,ФМиМ,,д.н.
Лебедева В.И.,ФРТ,доцент,к.н.
Алексеев М.Ю.,ФФ,профессор,к.н.
Лебедев Ж.Р.,ФЭТ,профессор,к.н.
Лебедева Д.С.,ФМиЕН,доцент,д.н.
Алексеев Г.Н.,ФМиМ,ассистент,
Смирнов М.Ю.,ФУПМ,,
Петров Л.О.,ФМиЕН,доцент,к.н.
Петров А.А.,ФПМИ,ассистент,д.н.
Иванов Б.В.,ФМиЕН,ассистент,
Сидоров И.К.,ФМиЕН,доцент,к.н.
Козлов Д.С.,ФПМИ,,д.н.
Алексеев Ж.Р.,ФЭТ,доцент,к.н.
Попов Д.С.,ИТМО,доцент,д.н.
Кузнецов Б.В.,ФЭТ,доцент,
Кузнецов З.Т.,ИТМО,ассистент,к.н.
Соколов Б.В.,ФПМИ,доцент,к.н.
Волков М.Ю.,ФИТ,ассистент,д.н.
Сидоров Г.Н.,ФИТ,доцент,
Алексеев Г.Н.,ФФ,ассистент,д.н.
Лебедева В.И.,ФУПМ,ассистент,
Новиков М.Ю.,ФИТ,ассистент,к.н.
Новиков Е.П.,ФМиЕН,доцент,
Сидоров М.Ю.,ИТМО,доцент,д.н.
Соколов Д.С.,ФЭТ,ассистент,
Новиков Е.П.,ФМиМ,ассистент,д.н.
Попов В.И.,ФМиМ,профессор,д.н.
Петров А.А.,ФРТ,,
Иванов Ж.Р.,ФМиЕН,,
Новиков З.Т.,ФФ,ассистент,к.н.
Сидоров К.М.,ФЭТ,профессор,к.н.
Иванов З.Т.,ФЭТ,,
Иванов З.Т.,ФЭТ,профессор,д.н.
Морозов В.И.,ФПМИ,,
Егоров Д.С.,ФФ,доцент,д.н.
Новиков Г.Н.,ФИВТ,профессор,д.н.
Лебедев Б.В.,ИТМО,профессор,д.н.
Семенов А.А.,ФФ,ассистент,к.н.
Новиков И.К.,ФМиМ,,к.н.
Новиков З.Т.,ФМиЕН,профессор,к.н.
Волков Г.Н.,ФМиМ,профессор,
Петров Ж.Р.,ФМиМ,ассистент,
Семенов И.К.,ФФ,профессор,
Смирнов З.Т.,ФРТ,,д.н.
Кузнецов И.К.,ФФ,доцент,
Попов Ж.Р.,ФПМИ,доцент,к.н.
Морозов М.Ю.,ФЭТ,ассистент,д.н.
Сидоров И.К.,ФУПМ,,к.н.
Попов Е.П.,ФПМИ,доцент,
Морозов Ж.Р.,ФЭТ,доцент,
Сидоров Е.П.,ФИТ,доцент,
Петров Ж.Р.,ИТМО,профессор,
Алексеев Г.Н.,ФРТ,профессор,д.н.
Смирнов В.И.,ФИТ,профессор,д.н.
Волков Д.С.,ФМиЕН,,к.н.
Смирнов Л.О.,ФМиМ,ассистент,д.н.
Морозов М.Ю.,ФИТ,профессор,д.н.
Семенов З.Т.,ФФ,профессор,к.н.
Лебедев Е.П.,ФЭТ,доцент,д.н.
Алексеев З.Т.,ФУПМ,профессор,
Егоров В.И.,ФФ,,д.н.
Семенов Ж.Р.,ФЭТ,доцент,к.н.
Семенов Е.П.,ИТМО,доцент,д.н.
Волков Б.В.,ФЭТ,профессор,д.н.
Петров Е.П.,ФУПМ,,к.н.
Лебедев В.И.,ФМиМ,ассистент,к.н.
Иванов З.Т.,ФИВТ,доцент,
Кузнецов А.А.,ФИТ,профессор,д.н.
Соколов З.Т.,ИТМО,профессор,к.н.
Кузнецов М.Ю.,ФМиМ,ассистент,к.н.
Лебедев З.Т.,ФЭТ,ассистент,к.н.
Морозов Л.О.,ФЭТ,профессор,
Семенов В.И.,ФЭТ,ассистент,
Петров А.А.,ФМиМ,доцент,
Волков К.М.,ФФ,доцент,д.н.
Волков Ж.Р.,ФМиМ,,к.н.
Иванов А.А.,ИТМО,,
Лебедев И.К.,ФИТ,профессор,д.н.
Козлов Г.Н.,ФУПМ,,
Лебедева Л.О.,ФМиЕН,ассистент,к.н.
Морозов И.К.,ФМиЕН,,д.н.
Петров Д.С.,ФМиЕН,,к.н.
Морозов К.М.,ФМиЕН,профессор,к.н.
Семенов В.И.,ФУПМ,,
Козлов Б.В.,ФРТ,профессор,д.н.
Семенов А.А.,ФЭТ,доцент,
Егоров Г.Н.,ФИВТ,ассистент,к.н.
Лебедева Д.С.,ИТМО,профессор,к.н.
Алексеев К.М.,ФИТ,доцент,
Иванов Ж.Р.,ИТМО,доцент,
Попов Л.О.,ФЭТ,профессор,д.н.
Кузнецов Л.О.,ИТМО,профессор,к.н.
Лебедева Л.О.,ФПМИ,,
Егоров Д.С.,ФИВТ,ассистент,д.н.
Кузнецов Г.Н.,ФЭТ,профессор,д.н.
Иванов Г.Н.,ФЭТ,ассистент,д.н.
Кузнецов К.М.,ФРТ,доцент,д.н.
Соколов Г.Н.,ФМиЕН,ассистент,
Новиков Л.О.,ИТМО,,д.н.
Егоров Г.Н.,ФРТ,,д.н.
Козлов А.А.,ФЭТ,профессор,д.н.
Соколов Г.Н.,ФУПМ,профессор,к.н.
Петров Д.С.,ФПМИ,ассистент,д.н.
Волков М.Ю.,ФФ,ассистент,к.н.
Алексеев З.Т.,ФЭТ,доцент,к.н.
Петров Ж.Р.,ФФ,профессор,к.н.
Волков М.Ю.,ФИВТ,доцент,к.н.
Кузнецов Е.П.,ИТМО,доцент,д.н.
Соколов И.К.,ФУПМ,профессор,
Петров В.И.,ИТМО,профессор,к.н.
Семенов Д.С.,ФЭТ,профессор,к.н.
Иванов Г.Н.,ФУПМ,,д.н.
Лебедева Е.П.,ФПМИ,ассистент,к.н.
Алексеев К.М.,ФМиМ,ассистент,д.н.
Морозов Е.П.,ФМиЕН,доцент,к.н.
Попов К.М.,ФМиЕН,,
Морозов К.М.,ФРТ,,
Смирнов Л.О.,ФПМИ,доцент,
Смирнов М.Ю.,ФЭТ,доцент,
Морозов М.Ю.,ФИТ,доцент,д.н.
Волков Г.Н.,ФМиЕН,ассистент,к.н.
Смирнов З.Т.,ФРТ,ассистент,д.н.
Козлов Е.П.,ФФ,профессор,к.н.
Сидоров Б.В.,ФЭТ,ассистент,д.н.
Соколов М.Ю.,ФИВТ,доцент,к.н.
Сидоров З.Т.,ФМиЕН,профессор,
Сидоров И.К.,ФПМИ,профессор,д.н.
Кузнецов Г.Н.,ФРТ,ассистент,д.н.
Смирнов В.И.,ФРТ,,
Иванов В.И.,ФРТ,ассистент,
Егоров А.А.,ФРТ,ассистент,к.н.
Попов Е.П.,ФУПМ,,к.н.
Лебедева К.М.,ФИВТ,доцент,
Соколов З.Т.,ФФ,,к.н.
Алексеев А.А.,ФИВТ,ассистент,к.н.
Попов И.К.,ФИВТ,доцент,к.н.
Кузнецов Е.П.,ФМиЕН,,к.н.
Новиков Л.О.,ФМиЕН,ассистент,к.н.
Попов В.И.,ФФ,,
Алексеев М.Ю.,ФИВТ,,д.н.
Волков Г.Н.,ФИТ,профессор,
Лебедев Е.П.,ФИВТ,профессор,д.н.
Сидоров В.И.,ФУПМ,ассистент,д.н.
Сидоров Г.Н.,ФУПМ,доцент,
Кузнецов Е.П.,ФУПМ,профессор,
Лебедева Д.С.,ФРТ,,к.н.
Попов Б.В.,ФРТ,ассистент,
Морозов Г.Н.,ФРТ,,к.н.
Кузнецов Б.В.,ФИТ,ассистент,
Лебедева Г.Н.,ФЭТ,,д.н.
Попов А.А.,ФИВТ,,к.н.
Петров Д.С.,ФИВТ,,
Алексеев Е.П.,ИТМО,доцент,
Волков А.А.,ФПМИ,ассистент,к.н.
Смирнов А.А.,ФЭТ,ассистент,д.н.
Козлов В.И.,ИТМО,ассистент,д.н.
Попов К.М.,ФМиЕН,доцент,
Смирнов И.К.,ФУПМ,,к.н.
Егоров Л.О.,ФМиЕН,профессор,д.н.
Алексеев З.Т.,ФЭТ,,д.н.
Новиков К.М.,ФИТ,ассистент,д.н.
Кузнецов З.Т.,ФУПМ,профессор,
Морозов Г.Н.,ФРТ,,д.н.
Иванов Е.П.,ФИВТ,доцент,д.н.
Петров Б.В.,ФФ,профессор,д.н.
Иванов Б.В.,ФПМИ,ассистент,к.н.
Волков Л.О.,ФФ,,д.н.
Иванов Е.П.,ФМиЕН,доцент,к.н.
Сидоров Ж.Р.,ФЭТ,ассистент,д.н.
Соколов Е.П.,ФИВТ,профессор,
Морозов К.М.,ФИВТ,доцент,д.н.
Алексеев З.Т.,ФИВТ,доцент,
Петров Е.П.,ФПМИ,профессор,к.н.
Смирнов И.К.,ФИВТ,доцент,
Попов А.А.,ФМиЕН,,д.н.
Козлов Д.С.,ФМиМ,профессор,к.н.
Волков Ж.Р.,ФЭТ,,
Волков Ж.Р.,ФМиМ,ассистент,
Попов М.Ю.,ФИТ,профессор,к.н.
Морозов Б.В.,ФФ,ассистент,к.н.
Семенов В.И.,ФИВТ,,к.н.
Лебедева Е.П.,ФЭТ,профессор,
Попов М.Ю.,ИТМО,профессор,д.н.
Лебедева И.К.,ФЭТ,доцент,д.н.
Попов М.Ю.,ФИТ,ассистент,д.н.
Лебедева М.Ю.,ФЭТ,ассистент,д.н.
Новиков В.И.,ФФ,ассистент,к.н.
Морозов Д.С.,ФРТ,доцент,д.н.
Лебедев И.К.,ФФ,доцент,
Соколов А.А.,ФИТ,ассистент,д.н.
Лебедева В.И.,ФМиЕН,ассистент,к.н.
Соколов Б.В.,ФМиМ,ассистент,д.н.
Алексеев Л.О.,ФФ,доцент,к.н.
Алексеев М.Ю.,ИТМО,профессор,к.н.
Новиков И.К.,ФМиЕН,,
Лебедева А.А.,ИТМО,,к.н.
Козлов В.И.,ФПМИ,доцент,
Петров Д.С.,ФМиМ,профессор,к.н.
Иванов Г.Н.,ФЭТ,доцент,д.н.
Волков Ж.Р.,ФИТ,ассистент,
Семенов Е.П.,ФУПМ,,к.н.
Козлов Л.О.,ФПМИ,профессор,д.н.
Морозов Ж.Р.,ФМиЕН,,
Морозов З.Т.,ФИТ,доцент,
Алексеев А.А.,ИТМО,,к.н.
Новиков А.А.,ФУПМ,доцент,д.н.
Волков И.К.,ФМиМ,,
Петров Г.Н.,ФИТ,,д.н.
Лебедева Д.С.,ИТМО,ассистент,к.н.
Кузнецов Г.Н.,ФУПМ,ассистент,
Смирнов Б.В.,ФЭТ,,
Семенов Б.В.,ФФ,,д.н.
Иванов Г.Н.,ФФ,профессор,к.н.
Егоров З.Т.,ФУПМ,ассистент,д.н.
Волков Б.В.,ФМиЕН,профессор,
Егоров Г.Н.,ФМиМ,ассистент,д.н.
Лебедев З.Т.,ФМиЕН,профессор,д.н.
Сидоров Л.О.,ФПМИ,,
Семенов В.И.,ФПМИ,ассистент,к.н.
Иванов М.Ю.,ФРТ,,
Лебедев А.А.,ФИВТ,доцент,к.н.
Соколов Б.В.,ФМиЕН,профессор,д.н.
Соколов Е.П.,ФИВТ,доцент,д.н.
Алексеев Б.В.,ФЭТ,профессор,д.н.
Иванов К.М.,ФРТ,доцент,к.н.
Лебедева Е.П.,ФРТ,,к.н.
Новиков Д.С.,ФФ,,д.н.
Иванов Г.Н.,ФПМИ,профессор,к.н.
Егоров З.Т.,ФФ,доцент,д.н.
Кузнецов В.И.,ФИТ,профессор,д.н.
Попов М.Ю.,ФЭТ,ассистент,
Соколов Л.О.,ФМиМ,ассистент,
Новиков Л.О.,ФПМИ,доцент,д.н.
Козлов Д.С.,ФЭТ,ассистент,
Алексеев Г.Н.,ФМиЕН,доцент,к.н.
Иванов З.Т.,ФРТ,доцент,к.н.
Семенов М.Ю.,ФУПМ,,д.н.
Петров И.К.,ФРТ,ассистент,
Иванов Е.П.,ФФ,ассистент,
Сидоров М.Ю.,ФУПМ,,д.н.
Попов З.Т.,ФИВТ,,д.н.
Иванов К.М.,ФМиМ,профессор,к.н.
Алексеев Л.О.,ФИТ,ассистент,к.н.
Попов В.И.,ФИВТ,,
Сидоров Б.В.,ФУПМ,ассистент,
Морозов Л.О.,ФМиМ,доцент,д.н.
Морозов В.И.,ФМиМ,,д.н.
Петров З.Т.,ФФ,,
Смирнов Д.С.,ФРТ,профессор,д.н.
Соколов Г.Н.,ФУПМ,профессор,
Лебедева Ж.Р.,ФМиЕН,доцент,д.н.
Попов И.К.,ФМиМ,ассистент,
Кузнецов А.А.,ФПМИ,доцент,
Кузнецов Ж.Р.,ФЭТ,ассистент,к.н.
Попов К.М.,ИТМО,доцент,к.н.
Сидоров Д.С.,ФИВТ,профессор,к.н.
Семенов З.Т.,ИТМО,ассистент,д.н.
Алексеев А.А.,ФФ,,
Сидоров З.Т.,ФФ,доцент,д.н.
Лебедев Б.В.,ФМиМ,,к.н.
Попов Ж.Р.,ФМиМ,доцент,д.н.
Лебедев Г.Н.,ФЭТ,,
Волков Л.О.,ФПМИ,доцент,
Сидоров К.М.,ФЭТ,,д.н.
Сидоров Е.П.,ФМиЕН,ассистент,
Новиков Д.С.,ФЭТ,ассистент,
Семенов Б.В.,ФПМИ,,к.н.
Иванов Б.В.,ФИТ,ассистент,к.н.
Козлов Б.В.,ИТМО,ассистент,к.н.
Смирнов Г.Н.,ФМиМ,профессор,к.н.
Лебедев Б.В.,ФИТ,профессор,
Иванов Ж.Р.,ФИВТ,ассистент,к.н.
Лебедева З.Т.,ФФ,доцент,к.н.
Семенов М.Ю.,ФМиМ,доцент,д.н.
Иванов В.И.,ФФ,,д.н.
Смирнов К.М.,ФМиМ,ассистент,
Попов А.А.,ИТМО,ассистент,д.н.
Новиков Л.О.,ИТМО,ассистент,д.н.
Иванов И.К.,ИТМО,профессор,
Смирнов К.М.,ФЭТ,ассистент,д.н.
Лебедев Е.П.,ФМиЕН,доцент,д.н.
Сидоров М.Ю.,ФМиЕН,,д.н.
Лебедев В.И.,ФЭТ,ассистент,
Алексеев М.Ю.,ФПМИ,профессор,
Морозов А.А.,ФМиМ,,
Кузнецов Л.О.,ИТМО,профессор,
Морозов А.А.,ФРТ,доцент,д.н.
Смирнов Д.С.,ФИТ,доцент,к.н.
Лебедева Г.Н.,ФЭТ,доцент,д.н.
Алексеев А.А.,ФИВТ,,
Лебедев Л.О.,ФПМИ,профессор,д.н.
Семенов Л.О.,ФИВТ,ассистент,к.н.
Петров Д.С.,ФУПМ,профессор,
Соколов Г.Н.,ФМиМ,ассистент,д.н.
Сидоров Д.С.,ФУПМ,,к.н.
Егоров З.Т.,ФРТ,ассистент,к.н.
Волков К.М.,ФЭТ,ассистент,к.н.
Козлов Е.П.,ФИВТ,профессор,к.н.
Лебедева Ж.Р.,ФЭТ,,к.н.
Семенов В.И.,ФМиЕН,профессор,д.н.
Попов К.М.,ФУПМ,профессор,к.н.
Кузнецов З.Т.,ФФ,ассистент,д.н.
Егоров З.Т.,ИТМО,доцент,к.н.
Смирнов М.Ю.,ФРТ,доцент,
Соколов Е.П.,ФМиМ,,
Лебедев Ж.Р.,ФИТ,,
Лебедев Б.В.,ФФ,,к.н.
Соколов И.К.,ФЭТ,ассистент,к.н.
Волков Б.В.,ФИТ,,к.н.
Сидоров К.М.,ФИВТ,доцент,к.н.
Волков Е.П.,ФФ,ассистент,
Волков Ж.Р.,ФПМИ,,
Иванов Б.В.,ФИВТ,профессор,д.н.
Алексеев И.К.,ФУПМ,,к.н.
Новиков Г.Н.,ИТМО,,к.н.
Смирнов Е.П.,ФМиМ,,д.н.
Лебедев В.И.,ФРТ,ассистент,к.н.
Егоров З.Т.,ФМиЕН,ассистент,к.н.
Козлов Д.С.,ФФ,,д.н.
Алексеев Ж.Р.,ФУПМ,доцент,д.н.
Козлов И.К.,ФУПМ,доцент,к.н.
Козлов Л.О.,ФИТ,доцент,к.н.
Кузнецов В.И.,ФУПМ,ассистент,д.н.
Егоров Е.П.,ФЭТ,профессор,д.н.
Кузнецов К.М.,ФИВТ,ассистент,
Сидоров Г.Н.,ФРТ,доцент,
Попов Л.О.,ФФ,,к.н.
Кузнецов Е.П.,ИТМО,ассистент,к.н.
Алексеев А.А.,ФФ,доцент,д.н.
Кузнецов Е.П.,ФМиМ,ассистент,
Иванов А.А.,ФЭТ,доцент,д.н.
Петров Д.С.,ИТМО,профессор,к.н.
Иванов З.Т.,ФМиЕН,,к.н.
Егоров В.И.,ФРТ,доцент,к.н.
Новиков А.А.,ФИВТ,,д.н.
Попов Д.С.,ФПМИ,доцент,д.н.
Сидоров Е.П.,ФЭТ,доцент,к.н.
Кузнецов Л.О.,ИТМО,ассистент,
Попов Б.В.,ФИТ,ассистент,к.н.
Семенов И.К.,ФПМИ,ассистент,
Козлов Л.О.,ФФ,доцент,
Егоров Б.В.,ФИТ,,д.н.
Лебедев К.М.,ФФ,доцент,
Новиков Л.О.,ФРТ,,д.н.
Смирнов З.Т.,ФУПМ,доцент,
Смирнов Г.Н.,ФУПМ,профессор,
Семенов А.А.,ФФ,ассистент,к.н.
Новиков К.М.,ФМиЕН,доцент,
Попов З.Т.,ФИВТ,профессор,д.н.
Соколов А.А.,ФФ,ассистент,
Егоров Ж.Р.,ФУПМ,ассистент,
Семенов Л.О.,ФФ,ассистент,
Петров З.Т.,ИТМО,ассистент,
Петров И.К.,ФИВТ,профессор,
Соколов З.Т.,ФУПМ,ассистент,
Лебедев В.И.,ИТМО,доцент,
Попов К.М.,ФУПМ,,к.н.
Семенов А.А.,ФМиЕН,доцент,к.н.
Козлов К.М.,ФМиЕН,ассистент,
Лебедев Б.В.,ФФ,доцент,к.н.
Лебедева Е.П.,ИТМО,ассистент,
Смирнов К.М.,ФУПМ,,
Алексеев Л.О.,ФИТ,доцент,к.н.
Иванов Л.О.,ФПМИ,профессор,к.н.
Кузнецов Ж.Р.,ФЭТ,,к.н.
Алексеев Б.В.,ФУПМ,профессор,к.н.
Козлов Д.С.,ФИТ,доцент,д.н.
Попов Е.П.,ФЭТ,,к.н.
Попов А.А.,ФРТ,профессор,д.н.
Волков М.Ю.,ФУПМ,,
Лебедева З.Т.,ФУПМ,ассистент,к.н.
Лебедева М.Ю.,ФУПМ,,д.н.
Семенов Е.П.,ФРТ,доцент,
Морозов К.М.,ФИТ,доцент,д.н.
Алексеев Б.В.,ФМиЕН,доцент,к.н.
Новиков А.А.,ФМиЕН,профессор,к.н.
Волков Б.В.,ФМиМ,профессор,д.н.
Морозов М.Ю.,ФЭТ,ассистент,д.н.
Лебедева Г.Н.,ФПМИ,,д.н.
Козлов И.К.,ФМиЕН,ассистент,к.н.
Новиков Д.С.,ФУПМ,доцент,д.н.
Лебедев Е.П.,ФИВТ,ассистент,
Лебедева Л.О.,ФМиЕН,профессор,к.н.
Попов Ж.Р.,ФРТ,ассистент,
Иванов Г.Н.,ФИВТ,доцент,д.н.
Лебедев Е.П.,ИТМО,профессор,к.н.
Егоров Г.Н.,ИТМО,профессор,к.н.
Попов В.И.,ФИВТ,,к.н.
Кузнецов З.Т.,ФУПМ,доцент,д.н.
Егоров Д.С.,ФУПМ,доцент,
Лебедева М.Ю.,ФПМИ,ассистент,д.н.
Сидоров Л.О.,ФПМИ,ассистент,к.н.
Попов М.Ю.,ФЭТ,профессор,
Алексеев И.К.,ФМиМ,ассистент,к.н.
Петров Ж.Р.,ФУПМ,,
Соколов Л.О.,ФМиЕН,профессор,д.н.
Кузнецов Д.С.,ФФ,ассистент,к.н.
Алексеев Л.О.,ФМиЕН,,
Волков В.И.,ФПМИ,доцент,к.н.
Лебедев Е.П.,ФФ,ассистент,
Волков В.И.,ФМиМ,ассистент,д.н.
Лебедев Е.П.,ФФ,,д.н.
Попов Л.О.,ФФ,ассистент,
Попов К.М.,ФФ,доцент,д.н.
Попов М.Ю.,ФМиЕН,,д.н.
Семенов Ж.Р.,ИТМО,,д.н.
Сидоров Ж.Р.,ФПМИ,,к.н.
Алексеев Д.С.,ФМиМ,доцент,д.н.
Морозов Е.П.,ФУПМ,профессор,к.н.
Козлов Д.С.,ФМиМ,доцент,д.н.
Петров В.И.,ФУПМ,профессор,
Смирнов Д.С.,ФУПМ,профессор,к.н.
Смирнов Е.П.,ФПМИ,ассистент,д.н.
Попов Д.С.,ФУПМ,,
Петров Д.С.,ФРТ,профессор,д.н.
Новиков А.А.,ФФ,доцент,д.н.
Козлов З.Т.,ФЭТ,,д.н.
Новиков З.Т.,ФМиМ,ассистент,д.н.
Козлов Ж.Р.,ФМиЕН,профессор,д.н.
Смирнов К.М.,ФИВТ,,д.н.
Лебедев М.Ю.,ФМиЕН,профессор,к.н.
Иванов А.А.,ФУПМ,ассистент,к.н.
Попов Б.В.,ФПМИ,ассистент,
Волков К.М.,ФПМИ,профессор,д.н.
Егоров Г.Н.,ФИВТ,ассистент,
Смирнов Г.Н.,ФМиМ,,к.н.
Лебедев Б.В.,ФМиЕН,доцент,
Петров А.А.,ИТМО,,д.н.
Морозов Л.О.,ФЭТ,доцент,д.н.
Попов Е.П.,ФПМИ,профессор,д.н.
Лебедев Г.Н.,ФИВТ,,д.н.
Иванов Е.П.,ФМиЕН,,
Лебедев В.И.,ФИТ,,к.н.
Морозов Г.Н.,ФМиЕН,,к.н.
Волков Е.П.,ФИТ,ассистент,
Сидоров З.Т.,ФРТ,доцент,д.н.
Соколов М.Ю.,ФФ,профессор,к.н.
Новиков Д.С.,ФМиЕН,ассистент,к.н.
Лебедев Е.П.,ФРТ,,
Смирнов З.Т.,ФМиМ,ассистент,д.н.
Соколов И.К.,ИТМО,доцент,к.н.
Лебедев И.К.,ФМиЕН,ассистент,д.н.
Алексеев З.Т.,ФИТ,доцент,д.н.
Семенов К.М.,ФФ,профессор,
Егоров Е.П.,ФИТ,доцент,д.н.
Сидоров Д.С.,ФМиЕН,профессор,д.н.
Петров Л.О.,ФЭТ,,
Лебедев Л.О.,ИТМО,профессор,
Лебедев К.М.,ФИТ,ассистент,д.н.
Волков А.А.,ФРТ,ассистент,
Алексеев И.К.,ФМиЕН,,к.н.
Козлов Д.С.,ФРТ,профессор,
Петров Б.В.,ФМиМ,,д.н.
Смирнов Л.О.,ФРТ,,к.н.
Иванов И.К.,ФЭТ,профессор,
Смирнов В.И.,ФФ,ассистент,
Козлов Б.В.,ФМиЕН,доцент,
Волков М.Ю.,ФПМИ,профессор,к.н.
Кузнецов Б.В.,ФМиМ,профессор,к.н.
Сидоров В.И.,ФМиЕН,,
Иванов К.М.,ФМиЕН,профессор,д.н.
Лебедева Л.О.,ФМиМ,,д.н.
Иванов В.И.,ФЭТ,ассистент,д.н.
Смирнов И.К.,ИТМО,доцент,к.н.
Сидоров К.М.,ИТМО,профессор,
Егоров И.К.,ФМиМ,ассистент,
Попов Б.В.,ИТМО,доцент,к.н.
Кузнецов В.И.,ФЭТ,,
Семенов Г.Н.,ФПМИ,ассистент,д.н.
Волков Л.О.,ФЭТ,доцент,к.н.
Морозов Е.П.,ФИТ,,к.н.
Попов К.М.,ФМиМ,профессор,к.н.
Иванов К.М.,ФФ,профессор,
Попов З.Т.,ФМиМ,,д.н.
Новиков К.М.,ФУПМ,ассистент,
Новиков Г.Н.,ФПМИ,профессор,
Семенов Г.Н.,ФФ,доцент,д.н.
Новиков М.Ю.,ФРТ,ассистент,д.н.
Соколов А.А.,ФМиМ,доцент,к.н.
Петров М.Ю.,ФМиМ,ассистент,к.н.
Петров З.Т.,ФПМИ,доцент,
Лебедева З.Т.,ИТМО,ассистент,
Соколов М.Ю.,ФРТ,профессор,д.н.
Иванов Ж.Р.,ФРТ,профессор,к.н.
Лебедев Л.О.,ФМиЕН,,д.н.
Волков Д.С.,ФМиЕН,,д.н.
Алексеев М.Ю.,ФУПМ,,к.н.
Соколов Д.С.,ФУПМ,профессор,д.н.
Козлов Л.О.,ФПМИ,ассистент,
Кузнецов Ж.Р.,ФИТ,ассистент,
Соколов В.И.,ФУПМ,,д.н.
Морозов Ж.Р.,ФЭТ,,к.н.
Егоров Ж.Р.,ФФ,профессор,д.н.
Попов З.Т.,ФИТ,ассистент,д.н.
Семенов Л.О.,ФУПМ,доцент,
Смирнов К.М.,ФРТ,доцент,
Семенов Л.О.,ФФ,доцент,д.н.
Волков К.М.,ФМиЕН,доцент,
Кузнецов В.И.,ФПМИ,профессор,д.н.
Лебедева З.Т.,ИТМО,профессор,
Кузнецов И.К.,ФИТ,профессор,к.н.
Алексеев Г.Н.,ФФ,,
Лебедева З.Т.,ФУПМ,доцент,к.н.
Попов Д.С.,ФУПМ,доцент,
Петров Д.С.,ФПМИ,ассистент,д.н.
Егоров А.А.,ФУПМ,доцент,
Лебедев Е.П.,ФУПМ,,
Петров Е.П.,ФИВТ,ассистент,к.н.
Сидоров Б.В.,ФФ,,д.н.
Новиков Б.В.,ФМиЕН,,д.н.
Морозов И.К.,ФМиЕН,профессор,д.н.
Морозов М.Ю.,ФИТ,профессор,д.н.
Иванов З.Т.,ФФ,доцент,
Попов Е.П.,ФРТ,ассистент,
Соколов В.И.,ФМиМ,,к.н.
Егоров Б.В.,ФИВТ,доцент,к.н.
Алексеев Б.В.,ФЭТ,,
Сидоров Ж.Р.,ФМиЕН,ассистент,
Лебедев В.И.,ФЭТ,доцент,к.н.
Сидоров Г.Н.,ФПМИ,,
Лебедев Л.О.,ФПМИ,ассистент,
Егоров Л.О.,ФУПМ,ассистент,
Попов В.И.,ФРТ,,к.н.
Кузнецов Г.Н.,ФИТ,,к.н.
Соколов К.М.,ФМиЕН,ассистент,к.н.
Волков З.Т.,ФУПМ,,
Егоров Л.О.,ФМиМ,ассистент,
Семенов А.А.,ФИТ,,д.н.
Морозов М.Ю.,ФМиЕН,,д.н.
Морозов А.А.,ФМиЕН,ассистент,к.н.
Соколов Ж.Р.,ФРТ,доцент,
Лебедева А.А.,ФРТ,профессор,к.н.
Иванов В.И.,ФМиМ,,
Морозов Д.С.,ИТМО,ассистент,к.н.
Морозов Б.В.,ФФ,,
Козлов Ж.Р.,ФИТ,,
Новиков М.Ю.,ФИТ,доцент,д.н.
Новиков К.М.,ФИТ,,д.н.
Сидоров Ж.Р.,ФМиМ,доцент,к.н.
Соколов И.К.,ФЭТ,ассистент,д.н.
Егоров М.Ю.,ФИТ,профессор,к.н.
Семенов З.Т.,ИТМО,ассистент,к.н.
Иванов Б.В.,ФИВТ,,д.н.
Алексеев Д.С.,ФУПМ,,д.н.
Лебедев Е.П.,ФЭТ,,к.н.
Петров Ж.Р.,ФПМИ,ассистент,
Иванов К.М.,ФМиЕН,,д.н.
Новиков Л.О.,ФЭТ,доцент,
Петров К.М.,ФМиМ,профессор,
Семенов М.Ю.,ФИВТ,профессор,д.н.
Семенов Ж.Р.,ФИВТ,,д.н.
Иванов З.Т.,ФИТ,,к.н.
Иванов Г.Н.,ФЭТ,доцент,д.н.
Семенов Д.С.,ФИВТ,профессор,к.н.
Новиков Ж.Р.,ФИТ,профессор,
Сидоров В.И.,ФИВТ,доцент,д.н.
Волков А.А.,ФПМИ,профессор,
Петров Л.О.,ФУПМ,профессор,
Сидоров Л.О.,ФИТ,ассистент,
Смирнов З.Т.,ФМиМ,ассистент,д.н.
Козлов З.Т.,ФЭТ,,к.н.
Козлов К.М.,ФУПМ,ассистент,к.н.
Кузнецов В.И.,ФУПМ,ассистент,к.н.
Морозов Ж.Р.,ФМиЕН,ассистент,д.н.
Новиков Е.П.,ФИВТ,,д.н.
Соколов И.К.,ФУПМ,ассистент,
Лебедева Е.П.,ФФ,ассистент,
Соколов З.Т.,ФМиМ,,
Соколов Б.В.,ФРТ,доцент,д.н.
Петров К.М.,ФИТ,профессор,
Иванов К.М.,ФМиЕН,ассистент,
Волков Г.Н.,ФМиЕН,профессор,к.н.
Козлов Ж.Р.,ФФ,доцент,
Кузнецов Д.С.,ФУПМ,,
Волков В.И.,ФМиЕН,профессор,
Новиков И.К.,ФФ,профессор,
Лебедев Б.В.,ФЭТ,,д.н.
Волков В.И.,ФПМИ,,к.н.
Егоров М.Ю.,ФИВТ,ассистент,
Смирнов Б.В.,ФПМИ,,к.н.
Соколов Л.О.,ФМиЕН,профессор,к.н.
Смирнов Д.С.,ФРТ,ассистент,д.н.
Лебедева М.Ю.,ФМиМ,ассистент,к.н.
Иванов Ж.Р.,ФЭТ,доцент,
Козлов И.К.,ФМиЕН,доцент,д.н.
Лебедев В.И.,ФУПМ,профессор,д.н.
Кузнецов Ж.Р.,ФУПМ,,д.н.
Петров Г.Н.,ФРТ,профессор,к.н.
Лебедев М.Ю.,ФМиЕН,ассистент,д.н.
Семенов Г.Н.,ФФ,,д.н.
Козлов А.А.,ФУПМ,ассистент,
Лебедев Д.С.,ФМиЕН,,д.н.
Егоров Г.Н.,ФМиМ,доцент,к.н.
Лебедева М.Ю.,ФИВТ,доцент,д.н.
Соколов З.Т.,ФМиЕН,доцент,
Егоров З.Т.,ФИТ,доцент,д.н.
Попов Б.В.,ФМиМ,доцент,к.н.
Кузнецов А.А.,ФФ,ассистент,
Кузнецов Л.О.,ИТМО,ассистент,
Семенов К.М.,ФМиЕН,,к.н.
Соколов З.Т.,ФМиЕН,,к.н.
Егоров В.И.,ФИТ,ассистент,
Попов А.А.,ФМиЕН,доцент,
Новиков Д.С.,ФУПМ,профессор,к.н.
Попов Г.Н.,ФЭТ,профессор,к.н.
Егоров Б.В.,ФИВТ,,
Петров Г.Н.,ФМиМ,ассистент,
Козлов М.Ю.,ИТМО,профессор,д.н.
Сидоров Д.С.,ФИТ,,д.н.
Семенов М.Ю.,ФИТ,,к.н.
Лебедев Б.В.,ФУПМ,ассистент,д.н.
Козлов Д.С.,ФЭТ,,к.н.
Лебедева Д.С.,ФИВТ,ассистент,
Алексеев М.Ю.,ФФ,доцент,
Семенов З.Т.,ФИТ,,
Новиков И.К.,ФИТ,ассистент,
Петров Д.С.,ФУПМ,ассистент,д.н.
Соколов М.Ю.,ИТМО,доцент,д.н.
Попов Д.С.,ФИВТ,профессор,д.н.
Лебедева К.М.,ФЭТ,,к.н.
Иванов К.М.,ФПМИ,,к.н.
Петров Г.Н.,ФМиЕН,доцент,к.н.
Семенов М.Ю.,ИТМО,ассистент,
Морозов И.К.,ФФ,доцент,
Егоров Г.Н.,ФМиЕН,,д.н.
Волков К.М.,ФМиЕН,профессор,д.н.
Алексеев Е.П.,ФЭТ,ассистент,
Новиков З.Т.,ФЭТ,,д.н.
Алексеев Ж.Р.,ФИТ,профессор,
Егоров А.А.,ФРТ,,к.н.
Попов З.Т.,ФЭТ,доцент,д.н.
Лебедев Г.Н.,ФИТ,,
Иванов И.К.,ФПМИ,профессор,к.н.
Кузнецов И.К.,ФИВТ,ассистент,к.н.
Лебедев Д.С.,ФИТ,ассистент,к.н.
Козлов Д.С.,ФРТ,ассистент,д.н.
Новиков М.Ю.,ФМиЕН,профессор,д.н.
Соколов Л.О.,ФУПМ,доцент,
Волков А.А.,ФФ,профессор,
Смирнов Г.Н.,ФИТ,ассистент,
Сидоров Г.Н.,ФЭТ,профессор,к.н.
Алексеев В.И.,ФУПМ,ассистент,
Петров Л.О.,ФУПМ,доцент,д.н.
Козлов Е.П.,ФПМИ,доцент,д.н.
Петров З.Т.,ИТМО,профессор,
Морозов А.А.,ФМиМ,ассистент,д.н.
Волков Б.В.,ФУПМ,профессор,к.н.
Козлов В.И.,ФФ,профессор,д.н.
Новиков А.А.,ФУПМ,доцент,
Морозов З.Т.,ФРТ,доцент,
Волков К.М.,ФМиМ,,к.н.
Новиков Б.В.,ФЭТ,профессор,д.н.
Лебедев Е.П.,ФФ,ассистент,
Иванов В.И.,ФФ,,к.н.
Алексеев М.Ю.,ФУПМ,доцент,
Петров Ж.Р.,ФПМИ,,к.н.
Семенов Д.С.,ФИВТ,,
Семенов К.М.,ФРТ,ассистент,д.н.
Кузнецов Л.О.,ФУПМ,доцент,к.н.
Иванов Е.П.,ФИВТ,ассистент,к.н.
Лебедев М.Ю.,ФИВТ,доцент,к.н.
Смирнов К.М.,ФПМИ,ассистент,к.н.
Смирнов В.И.,ФИВТ,профессор,к.н.
Новиков Б.В.,ФИТ,ассистент,к.н.
Семенов Г.Н.,ФМиМ,ассистент,к.н.
Лебедева М.Ю.,ФУПМ,,к.н.
Кузнецов Ж.Р.,ФМиЕН,доцент,к.н.
Морозов М.Ю.,ФУПМ,доцент,к.н.
Семенов Е.П.,ФИТ,профессор,д.н.
Петров Г.Н.,ФФ,доцент,к.н.
Петров Б.В.,ФРТ,профессор,д.н.
Морозов В.И.,ИТМО,профессор,д.н.
Семенов Г.Н.,ФПМИ,ассистент,
Лебедев В.И.,ФЭТ,ассистент,к.н.
Соколов Ж.Р.,ФМиМ,,к.н.
Лебедева Б.В.,ИТМО,ассистент,
Кузнецов Б.В.,ФИВТ,профессор,
Смирнов Б.В.,ФЭТ,профессор,к.н.
Морозов А.А.,ИТМО,профессор,д.н.
Новиков З.Т.,ФУПМ,доцент,
Смирнов Г.Н.,ФРТ,доцент,
Морозов Л.О.,ИТМО,,д.н.
Лебедев Л.О.,ФМиМ,доцент,
Соколов М.Ю.,ИТМО,доцент,к.н.
Петров М.Ю.,ФФ,доцент,к.н.
Лебедева А.А.,ФИВТ,,д.н.
Сидоров А.А.,ИТМО,ассистент,к.н.
Иванов Ж.Р.,ФЭТ,доцент,д.н.
Егоров Е.П.,ФУПМ,ассистент,к.н.
Смирнов Б.В.,ИТМО,ассистент,д.н.
Новиков И.К.,ФРТ,доцент,
Лебедева Б.В.,ФМиМ,доцент,д.н.
Петров Г.Н.,ФИТ,доцент,к.н.
Иванов Ж.Р.,ИТМО,доцент,к.н.
Новиков Л.О.,ФИВТ,ассистент,к.н.
Новиков Ж.Р.,ФМиЕН,,д.н.
Смирнов Д.С.,ФЭТ,доцент,к.н.
Козлов З.Т.,ФПМИ,,д.н.
Иванов М.Ю.,ФМиМ,профессор,
Петров И.К.,ФПМИ,профессор,
Семенов Л.О.,ФМиМ,доцент,д.н.
Семенов Б.В.,ФМиМ,ассистент,
Морозов Д.С.,ФФ,доцент,д.н.
Соколов М.Ю.,ФМиЕН,,
Семенов Ж.Р.,ФМиМ,,к.н.
Козлов Л.О.,ФФ,ассистент,
Иванов И.К.,ФИВТ,ассистент,
Смирнов Л.О.,ФРТ,,
Новиков Д.С.,ФМиМ,,
Кузнецов В.И.,ИТМО,профессор,д.н.
Егоров К.М.,ФИТ,,к.н.
Егоров Л.О.,ФФ,,
Смирнов М.Ю.,ФФ,,к.н.
Морозов Д.С.,ФМиЕН,ассистент,д.н.
Лебедев З.Т.,ФПМИ,профессор,д.н.
Попов И.К.,ФФ,ассистент,к.н.
Попов Е.П.,ФИТ,доцент,
Попов М.Ю.,ФУПМ,ассистент,к.н.
Семенов В.И.,ИТМО,,к.н.
Козлов Л.О.,ФЭТ,ассистент,к.н.
Морозов А.А.,ФИВТ,ассистент,д.н.
Козлов Г.Н.,ФПМИ,доцент,
Смирнов Ж.Р.,ФИТ,профессор,к.н.
Волков И.К.,ИТМО,профессор,д.н.
Семенов З.Т.,ФПМИ,,д.н.
Лебедев Е.П.,ФЭТ,ассистент,
Егоров И.К.,ФИВТ,,д.н.
Попов И.К.,ФЭТ,доцент,к.н.
Волков Г.Н.,ФУПМ,доцент,
Козлов Д.С.,ФМиЕН,ассистент,к.н.
Кузнецов Ж.Р.,ФИВТ,,к.н.
Петров Е.П.,ФМиМ,доцент,к.н.
Семенов Б.В.,ФИВТ,доцент,
Лебедева Л.О.,ФМиЕН,доцент,
Семенов Ж.Р.,ФИТ,ассистент,к.н.
Егоров Л.О.,ФМиЕН,,д.н.
Алексеев Е.П.,ФРТ,доцент,
Смирнов А.А.,ФМиМ,доцент,д.н.
Соколов З.Т.,ФФ,ассистент,
Сидоров И.К.,ФУПМ,,к.н.
Козлов В.И.,ФУПМ,профессор,
Семенов К.М.,ФМиМ,доцент,к.н.
Алексеев Б.В.,ФЭТ,профессор,д.н.
Семенов А.А.,ФЭТ,доцент,д.н.
Алексеев Ж.Р.,ФИВТ,доцент,д.н.
Сидоров И.К.,ФРТ,профессор,д.н.
Егоров Д.С.,ФИТ,,д.н.
Егоров Е.П.,ИТМО,,д.н.
Новиков В.И.,ФПМИ,ассистент,
Новиков Л.О.,ФПМИ,доцент,
Попов Г.Н.,ФМиМ,профессор,к.н.
Сидоров Ж.Р.,ФМиЕН,профессор,д.н.
Новиков Ж.Р.,ФИТ,,к.н.
Лебедева И.К.,ФМиМ,доцент,к.н.
Семенов И.К.,ИТМО,,
Новиков К.М.,ФИТ,ассистент,
Семенов Е.П.,ФМиЕН,ассистент,к.н.
Новиков Л.О.,ФУПМ,профессор,д.н.
Сидоров И.К.,ФИТ,,д.н.
Иванов Г.Н.,ФИВТ,доцент,
Иванов К.М.,ФИВТ,,д.н.
Егоров Д.С.,ФИТ,доцент,к.н.
Лебедев Ж.Р.,ФИТ,ассистент,д.н.
Смирнов А.А.,ФРТ,профессор,д.н.
Лебедева И.К.,ФМиЕН,доцент,
Смирнов Л.О.,ИТМО,,к.н.
Лебедева К.М.,ФЭТ,,к.н.
Смирнов В.И.,ФИТ,,к.н.
Егоров А.А.,ФМиЕН,доцент,д.н.
Алексеев В.И.,ФФ,ассистент,д.н.
Кузнецов М.Ю.,ФПМИ,профессор,д.н.
Смирнов И.К.,ФФ,,к.н.
Семенов И.К.,ФЭТ,ассистент,к.н.
Попов Д.С.,ФУПМ,профессор,д.н.
Морозов З.Т.,ФИВТ,профессор,д.н.
Попов З.Т.,ФИТ,ассистент,д.н.
Морозов И.К.,ФМиМ,доцент,д.н.
Новиков Е.П.,ФУПМ,доцент,
Морозов Л.О.,ФПМИ,,
Лебедев В.И.,ФПМИ,,к.н.
Егоров А.А.,ФЭТ,доцент,д.н.
Волков Г.Н.,ФЭТ,,
Морозов Л.О.,ФМиМ,доцент,д.н.
Попов Л.О.,ФИТ,,
Попов Г.Н.,ФУПМ,профессор,
Алексеев Е.П.,ФМиМ,ассистент,д.н.
Алексеев В.И.,ФУПМ,,д.н.
Семенов З.Т.,ФМиМ,ассистент,к.н.
Морозов Л.О.,ФУПМ,доцент,к.н.
Волков Л.О.,ФФ,доцент,
Петров Д.С.,ФРТ,доцент,к.н.
Лебедев В.И.,ФРТ,доцент,к.н.
Иванов Е.П.,ФФ,,
Лебедев Е.П.,ФМиЕН,доцент,
Семенов Ж.Р.,ФИВТ,профессор,д.н.
Петров З.Т.,ФЭТ,ассистент,д.н.
Волков В.И.,ФМиЕН,доцент,д.н.
Петров Е.П.,ФПМИ,ассистент,
Егоров Л.О.,ФПМИ,профессор,
Козлов В.И.,ФРТ,профессор,
Лебедева Л.О.,ФИВТ,доцент,
Лебедева Д.С.,ФЭТ,доцент,к.н.
Лебедева Л.О.,ФМиЕН,профессор,д.н.
Семенов Д.С.,ФРТ,,к.н.
Алексеев М.Ю.,ФПМИ,ассистент,к.н.
Новиков К.М.,ФМиМ,ассистент,к.н.
Сидоров А.А.,ФИТ,,
Волков Ж.Р.,ФФ,доцент,
Смирнов Г.Н.,ФМиЕН,доцент,к.н.
Соколов А.А.,ФМиМ,доцент,
Волков Е.П.,ФРТ,ассистент,д.н.
Семенов Г.Н.,ФМиМ,доцент,д.н.
Сидоров Г.Н.,ФИТ,,к.н.
Козлов З.Т.,ФФ,доцент,к.н.
Козлов З.Т.,ФМиМ,ассистент,
Козлов Б.В.,ФМиМ,,д.н.
Кузнецов Г.Н.,ИТМО,,
Алексеев В.И.,ФМиЕН,профессор,д.н.
Кузнецов Б.В.,ФМиЕН,профессор,д.н.
Иванов Д.С.,ФИТ,профессор,
Кузнецов З.Т.,ФМиМ,,д.н.
Иванов З.Т.,ИТМО,ассистент,
Алексеев Б.В.,ФМиМ,,к.н.
Попов Ж.Р.,ФРТ,доцент,к.н.
Волков К.М.,ФМиМ,доцент,д.н.
Алексеев Г.Н.,ФПМИ,,
Сидоров А.А.,ФРТ,,к.н.
Волков Е.П.,ФУПМ,,
Морозов К.М.,ФМиМ,ассистент,к.н.
Петров И.К.,ИТМО,,д.н.
Смирнов К.М.,ФУПМ,профессор,
Попов Г.Н.,ФИВТ,доцент,д.н.
Алексеев Ж.Р.,ФУПМ,доцент,д.н.
Сидоров З.Т.,ФИТ,доцент,к.н.
Соколов Д.С.,ФМиЕН,,к.н.
Козлов Л.О.,ФПМИ,,д.н.
Лебедев В.И.,ФМиМ,профессор,к.н.
Иванов Л.О.,ФМиМ,ассистент,
Лебедев Д.С.,ФИТ,,
Новиков Л.О.,ФФ,доцент,д.н.
Сидоров Г.Н.,ФФ,ассистент,д.н.
Смирнов К.М.,ФРТ,профессор,д.н.
Егоров Л.О.,ФМиЕН,ассистент,к.н.
Морозов Д.С.,ФИТ,доцент,
Смирнов М.Ю.,ФФ,профессор,к.н.
Лебедева А.А.,ФМиМ,доцент,
Новиков В.И.,ФИВТ,,к.н.
Козлов Л.О.,ФМиЕН,доцент,к.н.
Кузнецов Е.П.,ФРТ,,д.н.
Кузнецов А.А.,ФРТ,ассистент,
Кузнецов Ж.Р.,ФМиМ,,д.н.
Алексеев З.Т.,ФФ,ассистент,
Волков Г.Н.,ФМиМ,,к.н.
Волков З.Т.,ФУПМ,,д.н.
Сидоров А.А.,ФУПМ,,к.н.
Волков М.Ю.,ФИТ,доцент,
Смирнов З.Т.,ИТМО,профессор,к.н.
Егоров А.А.,ФЭТ,,
Смирнов З.Т.,ФРТ,доцент,д.н.
Петров И.К.,ФИВТ,профессор,к.н.
Алексеев Л.О.,ФПМИ,доцент,к.н.
Попов И.К.,ФЭТ,доцент,
Семенов Л.О.,ФИВТ,ассистент,к.н.
Соколов В.И.,ФМиЕН,ассистент,
Егоров Г.Н.,ФРТ,доцент,д.н.
Волков И.К.,ФИТ,ассистент,
Смирнов Ж.Р.,ФЭТ,доцент,д.н.
Сидоров В.И.,ФМиМ,ассистент,д.н.
Иванов А.А.,ФИВТ,профессор,
Лебедев К.М.,ФФ,ассистент,
Алексеев Б.В.,ФРТ,профессор,
Морозов Д.С.,ФУПМ,ассистент,д.н.
Сидоров Л.О.,ФЭТ,ассистент,
Морозов З.Т.,ФМиМ,,к.н.
Иванов В.И.,ФМиЕН,доцент,д.н.
Лебедева Б.В.,ФПМИ,доцент,к.н.
Морозов Л.О.,ФПМИ,,
Лебедев Е.П.,ФУПМ,ассистент,к.н.
Сидоров А.А.,ИТМО,,к.н.
Волков Ж.Р.,ФРТ,профессор,д.н.
Лебедева Е.П.,ФМиЕН,профессор,к.н.
Лебедева З.Т.,ФИТ,ассистент,д.н.
Лебедева И.К.,ФМиЕН,,к.н.
Волков З.Т.,ФМиМ,,
Лебедев Е.П.,ФМиМ,профессор,
Волков Л.О.,ФУПМ,ассистент,к.н.
Новиков Д.С.,ФРТ,профессор,к.н.
Семенов К.М.,ФУПМ,профессор,д.н.
Семенов К.М.,ФФ,ассистент,д.н.
Алексеев Д.С.,ФЭТ,ассистент,д.н.
Алексеев Д.С.,ФФ,ассистент,к.н.
Соколов Л.О.,ФУПМ,ассистент,
Петров Б.В.,ФУПМ,,д.н.
Попов В.И.,ФРТ,ассистент,д.н.
Смирнов Ж.Р.,ФФ,,
Сидоров Е.П.,ФЭТ,профессор,к.н.
Попов Е.П.,ФМиМ,,
Козлов М.Ю.,ФРТ,ассистент,д.н.
Семенов Б.В.,ФЭТ,профессор,к.н.
Смирнов М.Ю.,ФФ,,д.н.
Морозов М.Ю.,ФПМИ,,д.н.
Семенов Л.О.,ФРТ,,
Егоров М.Ю.,ФПМИ,доцент,к.н.
Петров М.Ю.,ФМиМ,доцент,д.н.
Кузнецов Ж.Р.,ФУПМ,доцент,д.н.
Лебедева В.И.,ФМиМ,,к.н.
Алексеев Ж.Р.,ФИВТ,ассистент,к.н.
Алексеев Л.О.,ИТМО,доцент,д.н.
Лебедев М.Ю.,ФМиМ,ассистент,д.н.
Волков В.И.,ФИТ,,к.н.
Попов К.М.,ФЭТ,,к.н.
Семенов Ж.Р.,ФЭТ,профессор,
Соколов З.Т.,ФУПМ,ассистент,д.н.
Кузнецов Г.Н.,ФМиЕН,профессор,к.н.
Петров В.И.,ФУПМ,ассистент,к.н.
Лебедева Д.С.,ФУПМ,доцент,к.н.
Семенов З.Т.,ФУПМ,,к.н.
Алексеев З.Т.,ФМиМ,доцент,д.н.
Смирнов В.И.,ФИВТ,ассистент,к.н.
Смирнов Ж.Р.,ФЭТ,доцент,к.н.
Волков М.Ю.,ФМиМ,профессор,
Кузнецов А.А.,ФЭТ,ассистент,
Кузнецов И.К.,ФФ,ассистент,к.н.
Лебедева Е.П.,ФЭТ,профессор,
Козлов З.Т.,ФПМИ,профессор,
Смирнов Г.Н.,ФЭТ,,
Попов Л.О.,ФФ,доцент,
Сидоров Д.С.,ФФ,профессор,д.н.
Волков К.М.,ФМиЕН,ассистент,
Иванов Г.Н.,ФМиМ,доцент,к.н.
Смирнов З.Т.,ФИТ,ассистент,
Попов Л.О.,ФЭТ,доцент,
Морозов Ж.Р.,ФИВТ,,к.н.
Новиков Л.О.,ФФ,доцент,к.н.
Соколов Б.В.,ФЭТ,профессор,
Новиков А.А.,ФУПМ,,д.н.
Лебедев Е.П.,ФРТ,доцент,к.н.
Соколов Б.В.,ФУПМ,ассистент,д.н.
Семенов И.К.,ФУПМ,доцент,д.н.
Сидоров И.К.,ФУПМ,,д.н.
Алексеев К.М.,ФУПМ,доцент,
Егоров З.Т.,ФПМИ,ассистент,
Козлов М.Ю.,ИТМО,профессор,к.н.
Иванов И.К.,ФИТ,профессор,
Смирнов К.М.,ФФ,профессор,д.н.
Попов В.И.,ФРТ,ассистент,к.н.
Алексеев М.Ю.,ФИВТ,ассистент,к.н.
Смирнов М.Ю.,ФРТ,,к.н.
Иванов Ж.Р.,ФМиЕН,профессор,д.н.
Петров А.А.,ФИТ,ассистент,
Егоров З.Т.,ФЭТ,,
Смирнов А.А.,ФФ,доцент,д.н.
Смирнов Б.В.,ФЭТ,профессор,д.н.
Лебедев Ж.Р.,ФМиЕН,,д.н.
Морозов Е.П.,ФИТ,доцент,д.н.
Семенов Д.С.,ФУПМ,доцент,д.н.
Соколов Е.П.,ФУПМ,доцент,к.н.
Новиков А.А.,ИТМО,профессор,д.н.
Иванов Б.В.,ФФ,ассистент,к.н.
Морозов З.Т.,ИТМО,,к.н.
Иванов М.Ю.,ФИТ,доцент,
Петров А.А.,ИТМО,,к.н.
Попов Е.П.,ФМиМ,доцент,д.н.
Иванов З.Т.,ФФ,ассистент,
Кузнецов К.М.,ФФ,ассистент,
Лебедев Д.С.,ФУПМ,ассистент,к.н.
Иванов И.К.,ИТМО,профессор,
Алексеев Е.П.,ФПМИ,профессор,
Новиков А.А.,ФПМИ,доцент,к.н.
Сидоров Д.С.,ИТМО,профессор,д.н.
Семенов Л.О.,ФИТ,,к.н.
Волков А.А.,ФФ,доцент,
Сидоров М.Ю.,ФИТ,доцент,к.н.
Смирнов И.К.,ИТМО,профессор,
Соколов Ж.Р.,ФМиМ,,к.н.
Петров Г.Н.,ФУПМ,профессор,к.н.
Кузнецов А.А.,ФПМИ,профессор,д.н.
Попов Ж.Р.,ФМиМ,профессор,
Иванов А.А.,ФУПМ,доцент,
Семенов Л.О.,ИТМО,ассистент,
Смирнов В.И.,ФИВТ,ассистент,
Попов К.М.,ФПМИ,профессор,к.н.
Кузнецов М.Ю.,ФИТ,доцент,к.н.
Алексеев З.Т.,ФИТ,ассистент,
Попов Е.П.,ФРТ,,
Смирнов З.Т.,ФПМИ,ассистент,
Волков Ж.Р.,ФИТ,,к.н.
Лебедев К.М.,ФЭТ,профессор,д.н.
Семенов К.М.,ФФ,,
Морозов Ж.Р.,ФУПМ,ассистент,к.н.
Сидоров Л.О.,ФМиЕН,ассистент,
Петров К.М.,ФФ,ассистент,д.н.
Сидоров Л.О.,ФЭТ,ассистент,
Попов Е.П.,ФРТ,доцент,д.н.
Семенов Д.С.,ФРТ,,д.н.
Лебедев И.К.,ИТМО,,к.н.
Сидоров Д.С.,ФУПМ,ассистент,
Смирнов Ж.Р.,ФРТ,доцент,к.н.
Иванов Г.Н.,ФИТ,профессор,к.н.
Петров Б.В.,ФМиМ,доцент,к.н.
Смирнов К.М.,ФПМИ,доцент,к.н.
Сидоров Б.В.,ФРТ,,к.н.
Иванов Б.В.,ФФ,профессор,д.н.
Кузнецов З.Т.,ФМиЕН,профессор,к.н.
Семенов Ж.Р.,ФПМИ,профессор,к.н.
Петров З.Т.,ФЭТ,профессор,
Лебедев И.К.,ФИТ,доцент,
Лебедева Г.Н.,ФИВТ,профессор,к.н.
Сидоров И.К.,ФУПМ,профессор,д.н.
Кузнецов А.А.,ФПМИ,профессор,д.н.
Петров И.К.,ФПМИ,,
Лебедева Л.О.,ФЭТ,доцент,
Алексеев И.К.,ФПМИ,,д.н.
Семенов Б.В.,ФМиЕН,,к.н.
Козлов Л.О.,ИТМО,доцент,д.н.
Петров А.А.,ФМиЕН,,д.н.
Лебедева А.А.,ФПМИ,ассистент,к.н.
Морозов И.К.,ФМиМ,,д.н.
Волков И.К.,ФФ,,к.н.
Сидоров Д.С.,ФПМИ,,д.н.
Попов Л.О.,ФИТ,ассистент,д.н.
Иванов В.И.,ФЭТ,,д.н.
Алексеев Д.С.,ФРТ,доцент,д.н.
Смирнов З.Т.,ФИТ,доцент,
Иванов В.И.,ФЭТ,доцент,к.н.
Попов Д.С.,ФЭТ,,к.н.
Сидоров М.Ю.,ФЭТ,доцент,к.н.
Смирнов Ж.Р.,ФРТ,ассистент,д.н.
Новиков М.Ю.,ФРТ,,д.н.
Лебедев Л.О.,ФМиЕН,,к.н.
Новиков М.Ю.,ФРТ,ассистент,
Сидоров И.К.,ФРТ,профессор,д.н.
Смирнов Л.О.,ФИВТ,ассистент,д.н.
Лебедев А.А.,ФМиМ,ассистент,к.н.
Козлов К.М.,ФРТ,профессор,д.н.
Морозов З.Т.,ФФ,профессор,д.н.
Лебедева В.И.,ФФ,,д.н.
Смирнов Б.В.,ФМиЕН,,к.н.
Попов И.К.,ИТМО,ассистент,к.н.
Егоров М.Ю.,ФИВТ,доцент,к.н.
Кузнецов Б.В.,ФФ,доцент,
Иванов М.Ю.,ИТМО,профессор,к.н.
Сидоров Л.О.,ФУПМ,ассистент,к.н.
Кузнецов Е.П.,ФПМИ,ассистент,
Соколов А.А.,ФФ,доцент,к.н.
Попов К.М.,ФИВТ,,к.н.
Лебедева Г.Н.,ФФ,доцент,
Новиков Ж.Р.,ФРТ,профессор,д.н.
Кузнецов З.Т.,ФЭТ,,
Алексеев И.К.,ФПМИ,профессор,д.н.
Семенов Г.Н.,ФИТ,,д.н.
Соколов З.Т.,ФИВТ,,д.н.
Егоров Ж.Р.,ФМиЕН,доцент,к.н.
Петров И.К.,ИТМО,профессор,к.н.
Лебедева Ж.Р.,ФМиМ,ассистент,
Алексеев З.Т.,ФМиМ,,
Егоров М.Ю.,ФМиМ,,д.н.
Козлов М.Ю.,ФФ,профессор,д.н.
Лебедев К.М.,ФЭТ,ассистент,д.н.
Волков Д.С.,ФПМИ,ассистент,д.н.
Семенов Л.О.,ФУПМ,,
Новиков З.Т.,ФИТ,,к.н.
Попов К.М.,ФЭТ,доцент,д.н.
Козлов Л.О.,ФРТ,доцент,
Сидоров Г.Н.,ФМиМ,доцент,д.н.
Петров М.Ю.,ФРТ,,д.н.
Лебедева Ж.Р.,ФЭТ,профессор,
Новиков В.И.,ФЭТ,доцент,
Соколов А.А.,ФИТ,доцент,д.н.
Козлов З.Т.,ФРТ,профессор,
Попов Д.С.,ФФ,профессор,
Морозов Г.Н.,ФФ,профессор,д.н.
Сидоров Б.В.,ИТМО,,
Алексеев М.Ю.,ИТМО,доцент,
Сидоров Г.Н.,ФМиЕН,,к.н.
Соколов И.К.,ФЭТ,доцент,
Сидоров К.М.,ФМиМ,доцент,д.н.
Попов И.К.,ФФ,,д.н.
Алексеев Л.О.,ИТМО,,д.н.
Козлов З.Т.,ФПМИ,ассистент,
Морозов З.Т.,ФЭТ,ассистент,
Кузнецов Г.Н.,ФУПМ,,
Морозов Л.О.,ФРТ,,к.н.
Новиков В.И.,ФРТ,профессор,д.н.
Смирнов Г.Н.,ФФ,,
Соколов А.А.,ФИВТ,доцент,
Егоров Е.П.,ФРТ,,к.н.
Лебедева Г.Н.,ФМиЕН,,д.н.
Козлов В.И.,ИТМО,доцент,к.н.
Семенов Д.С.,ФФ,ассистент,
Петров Б.В.,ИТМО,,
Козлов Д.С.,ФИТ,,к.н.
Лебедев Ж.Р.,ФИТ,доцент,к.н.
Сидоров Г.Н.,ФИВТ,,д.н.
Алексеев Л.О.,ФМиЕН,доцент,
Лебедев Е.П.,ФМиЕН,профессор,к.н.
Лебедев Г.Н.,ФИВТ,доцент,д.н.
Иванов В.И.,ФИВТ,,к.н.
Соколов Г.Н.,ИТМО,профессор,
Смирнов А.А.,ФИВТ,профессор,
Волков Л.О.,ФМиЕН,доцент,к.н.
Козлов Б.В.,ФУПМ,ассистент,к.н.
Козлов Л.О.,ФУПМ,ассистент,д.н.
Лебедев Б.В.,ФФ,,д.н.
Егоров А.А.,ФМиЕН,,
Смирнов Г.Н.,ФМиЕН,ассистент,
